0.0277291170803138,0.0606655600048146,0.0383129813537687,0.0674222171547895,0.994676523124902,0.850000008286957,1,1.0377364566924,1.24426791850183,0.00150343919297757
0.0456084596015884,0.0942798102748649,0.0908685716834249,0.0102505795471623,0.999954602131298,1,0.995145830577413,0.992663161707579,0.954970806157202,0.00357056797654159
0.0442974539690975,0.0641783483070473,0.027587298497491,0.117644481566231,0.996968488503105,1,0.650000098713287,0.700169254270607,0.780466028573634,0.00150343919297757
0.0365771703436509,0.177953639505804,0.0668313063853204,0.137064622291291,0.989805177361963,0.899999922723207,0.800000129461564,0.72426878516673,0.671987158870864,0.00150343919297757
0.126679468032893,0.150523699926414,0.110905800522858,0.250407250650073,0.993507948777526,1,0.299999927781204,0.690565460778664,0.751798923869892,0.00150343919297757
0.074961030972498,0.116057381788461,0.0843442060923604,0.101106138412951,0.995814893339822,0.742902069172592,0.107097902186852,0.793582699963543,0.920803622378543,0.00503172607691158
0.0726769171559458,0.0833109640042499,0.0746136972453434,0.088995570452582,0.995977813947409,1,0.332106018780653,1.19125547320104,1.22657294977395,0.00150343919297757
0.208409909292942,0.258125984292226,0.268065526146277,0.135400040666329,0.998025043282692,1,0.199999908235451,0.919828596483054,0.944717796938271,0.00150343919297757
0.127361684793895,0.118857468966066,0.129646288908512,0.195170046137347,0.995695724750068,0.949999986974617,0.299999975406048,1.07898187231493,0.991064932063904,0.00150343919297757
0.0129921131458386,0.069203064428986,0.0344254968522684,0.012737986112144,0.998268473854032,0.877016247580624,0.791131127434891,0.685008651321044,1.00559481140592,0.00150343919297757
0.0555741867918506,0.101017510216575,0.0519268258447211,0.124307660993842,0.996024431149549,1,0.299999953082303,1.02586648865397,1.08262678472517,0.00150343919297757
0.230425339463949,0.085358459000495,0.188571840236382,0.120513727676968,0.998579218962959,1,0.349998561623189,0.701703281254487,0.670320046035639,0.0221821054088947
0.0421688454978093,0.064346049781286,0.0252917609501674,0.106746461308115,0.993183356168434,1,0.413760509361445,1.20865845555973,1.10857615808713,0.00803294890917993
0.127325696139124,0.0236227328130826,0.055109238152041,0.142915273939249,0.989187946143696,0.2,0.799998471921005,0.81270803085227,0.696634499697601,0.0115998255387055
0.16722004052443,0.161602937201037,0.202728310294824,0.216597462929803,0.990150387576763,0.983827042652199,0.166172949687239,1.32459543528939,1.24492724995213,0.00150343919297757
0.0759137242481148,0.224690347113604,0.145493543096109,0.0706346498695457,0.994099215665943,1,0.799999994748897,0.715376098558056,0.828350260679652,0.00150343919297757
0.027748707244711,0.103741579505613,0.0310149872491024,0.0648821473290659,0.999954602131298,0.541224622517582,0.758775514267,0.702771635003888,0.670320046035639,0.0223549931527628
0.212888990673862,0.197543256590663,0.268941421369995,0.0213207059315345,0.999954602131298,1,0.998226340420649,0.982881855117601,1.03471031364382,0.00539661704394965
0.0796496056367576,0.170113139979971,0.154272240110175,0.0536394970275299,0.996301626623667,0.952221232298298,0.1,0.757219806921708,0.8131746942331,0.00150343919297757
0.0738456783296663,0.207978829107446,0.107226053261348,0.122211276138786,0.991422267223252,0.900000129196614,0.283159130466405,0.68847445545407,0.731170749942975,0.00150343919297757
0.0437360196024267,0.264548398765362,0.0559488522887277,0.222604970666513,0.989265454389442,1,0.402406178751352,1.00797112664515,1.15417535826753,0.00150343919297757
0.164467539584654,0.244629548057506,0.231257469010016,0.0380510696053915,0.999212680349334,1,0.120080093439029,0.670320046035639,0.719576098649036,0.00150343919297757
0.00978093176920128,0.198726759164261,0.0481324311289093,0.0417355471224991,0.994637239231432,0.799999878091,0.949474291707519,0.67294312712897,1.08295395260552,0.00150343919297757
0.0319032317352036,0.148726303308348,0.00962638454061372,0.268941421369995,0.989013057369407,1,0.749999991933592,1.10818040946007,0.983041094776781,0.00174724038200303
0.111802965060412,0.213862694119611,0.116631220710655,0.183150879640275,0.998772524262089,1,0.1,0.866317355229961,0.818752748900761,0.00150343919297757
0.117538608036187,0.129883302281955,0.059766236089343,0.229118642042495,0.99551865518148,1,0.349999985632048,1.15832246913612,1.27640350197158,0.00150343919297757
0.0594017620764129,0.145361714023861,0.0603896543777172,0.126986597578119,0.999954602131298,1,0.200000242923646,1.17988942760245,1.49182469764127,0.0297993697530775
0.188521804166509,0.182154007404043,0.234364883885868,0.123373396339355,0.994281287211373,0.900000336008099,0.249999712843435,0.811638846353668,0.829496696974129,0.00150343919297757
0.0111724186141081,0.0666477742574003,0.0243832710679573,0.0449188372744572,0.996945148292866,0.999765252679635,1,1.05365927280208,1.27767963154118,0.00328550835555444
0.0152941961714461,0.129429718490635,0.0359331090886212,0.0406853025508558,0.99248353758386,1,0.718615203528023,1.2967504738996,1.3446802585964,0.00150343919297757
0.0820648025537184,0.132360931116261,0.0783374928477079,0.249641628328488,0.992838768831052,1,0.799999996533305,1.22991014750638,1.18285553178993,0.00150343919297757
0.0937765911211329,0.169157220713911,0.108167101353001,0.151079669446334,0.995236174332863,1,0.399999925473195,1.02613105944521,0.922965652075677,0.00150343919297757
0.0564457720719937,0.0459027930668655,0.00991195217149576,0.250567301197766,0.993719028267322,1,0.451811316928338,0.767160473658302,1.02659303514477,0.00150343919297757
0.06145870932773,0.261955313035314,0.0648263073939494,0.242171155516065,0.99278320108579,1,0.449999920926539,1.25012022571906,1.12695087112142,0.00150343919297757
0.228877642478643,0.268941421369995,0.263125027184929,0.165111989020967,0.99338058892412,0.999999999709238,0.1,0.670320046035639,0.709654892494743,0.00150343919297757
0.144416308691685,0.0997702284976592,0.102309139788203,0.146512992992227,0.990222396065669,0.99337674437908,0.30662325190234,0.742409245352614,0.775828366010596,0.00150343919297757
0.0707573566162807,0.170353565550599,0.0880900634296854,0.161830170930747,0.998377570014368,1,0.1,0.784724714771543,0.722382570849317,0.00233221349956983
0.0704943298426673,0.172556285921193,0.0921907982407516,0.0447774013439463,0.995503850857465,1,0.206281440577988,0.748002442736438,0.768760429511131,0.00150343919297757
0.0235862175778867,0.0622078131913389,0.0390716511815509,0.0303894405769378,0.999396019413515,1,1,0.770123686338465,0.885724009932711,0.0090886521443011
0.0900094132371579,0.135415874433864,0.08258296939493,0.186328735699527,0.993597413110524,0.949999931313685,0.70000011576049,0.948548801612081,0.9787981944757,0.00150343919297757
0.00919439484601422,0.0497122660376503,0.000370667260015221,0.0709616962376576,0.999953624707749,1,1,0.91195729956813,0.670320046035639,0.0352140953612954
0.0330170605880758,0.134737332811921,0.0429612071881505,0.159588103827835,0.99681433156131,1,0.649999919371845,0.795639759954189,0.915993384274656,0.00150343919297757
0.046963133424287,0.0947369103305457,0.0600113844633839,0.0692715184998598,0.997059930288895,1,0.550000049255233,0.812537291702896,0.802071231977883,0.00150343919297757
0.06005480338851,0.061306320016429,0.0582752784844883,0.0896510780621022,0.998033654648957,0.449999961763338,0.1,1.3567784176817,1.24140618208971,0.00458173247676273
0.0768516545178741,0.123719613618816,0.0897623472617141,0.16713027646614,0.99431702827644,0.981506871942751,0.318492662824469,0.696556244078196,0.72102705266171,0.00150343919297757
0.12883053722674,0.0892010169029017,0.17731714920228,0.0207837450920142,0.997828303256966,0.911603395659416,0.1,0.969120078872823,0.8022378056084,0.00150343919297757
0.16897600355959,0.238692178796713,0.200156442131792,0.189450279625457,0.994795194754258,0.900002552194277,0.399997211107703,0.670320046035639,0.759483224813218,0.00150343919297757
0.0577322195648341,0.102397056200392,0.0941967168049851,0.0375971287693819,0.996751329833298,0.97839663568005,0.371601997057159,1.30300583968944,1.33736430945873,0.00239019482098767
0.0177056747415929,0.0520744309061587,0.0213423287340962,0.0608434713861121,0.996665788742553,0.899999981080407,1,1.00858946632501,1.19745103921817,0.00150343919297757
0.137889999731583,0.225225719474418,0.223535998786453,0.0806628604138287,0.993912711705187,0.999999812826777,0.100000000102807,1.24752290790253,1.16807267570062,0.00150343919297757
0.0194925656563632,0.121307432281838,0.063980198829873,0.077711213545126,0.995495395454711,0.850000146736838,0.749999683268959,0.871812428607231,0.915345953269954,0.00150343919297757
0.0121263640659788,0.0751393669520693,0.00855336715490093,0.0520559019845385,0.996896194515713,0.999999985211376,0.999999997626737,0.670320046494074,0.692596329233158,0.00260024390837286
0.109290277167663,0.0729198841168035,0.0448997866894544,0.0687177995636003,0.991767099672026,1,0.380025214899918,1.03919201036309,0.999687107511333,0.00150343919297757
0.0492251312756319,0.0629172587684363,0.0631893772035893,0.0559243674229226,0.995238488759394,0.905505769684584,0.994494393820373,1.01570575025678,1.37253071415784,0.00150343919297757
0.0841516291955168,0.268941421369995,0.180813250382136,0.0336475817754361,0.998236260753019,1,0.200001497101498,0.670320046035639,0.702067768711473,0.00187442102375361
0.0290673092354438,0.0201177017796918,0.00435929648184395,0.0557935310818261,0.996863339945537,0.999999999971231,0.999999999999457,0.70946946452324,0.670320053129538,0.00812542630339924
0.138019409364727,0.124002012038723,0.090031142921511,0.219087933096705,0.993646768663726,0.965265789296949,0.1,0.785947738276621,0.854985579321275,0.00213159340933091
0.103979717143024,0.268941421369995,0.169238655690763,0.0883664355406957,0.995268455541173,1,0.1,0.880089551047723,0.895809023939167,0.00173015185464559
0.199936868667697,0.133178645707087,0.200355219998156,0.123072469278318,0.996621996071034,0.900000034026245,0.1,0.981877966324743,0.984889265578692,0.00150343919297757
0.0785285052702707,0.167517208724392,0.106931525439253,0.0838746500064153,0.99403622253066,1,0.150000084839849,0.904627773009953,0.890562383711527,0.00214648839267557
0.0352707681618914,0.110020489949366,0.0551166690394119,0.0110298567776411,0.998849712768899,0.988095844709573,0.311903554264708,0.730864632442927,0.761798769338577,0.00189322813250463
0.0680524506246249,0.184950318250712,0.0785674453795868,0.134429061614415,0.997280043291049,0.650000853520123,0.499995500504828,0.895525891028085,0.897615717673669,0.00150343919297757
0.0220249562803948,0.0717645939632528,0.0376769015676665,0.0878659838897067,0.993343444948884,0.999999999999996,0.999999999999982,0.869180794485616,0.86101076681127,0.00150344027836894
0.0789775486338104,0.159812129762558,0.11470706938595,0.0670300919983397,0.995694359633809,0.949999992903778,0.599999980131358,0.670320046035639,0.717312002857126,0.00150343919297757
0.136704822344567,0.137407676938717,0.160295689945904,0.0652763803665529,0.993834928655046,1,0.349999887151047,1.08956759278779,0.983897632684232,0.00150343919297757
0.0650036741542561,0.0946504697420849,0.0774963780661381,0.0938626816537675,0.994859418429623,0.762065703443333,0.237934072587365,0.731312206705803,0.852557400272834,0.00150343919297757
0.194992151877365,0.210290833775397,0.163325972884158,0.198618770018191,0.992591017134417,0.950000240130235,0.150000204780914,1.408204377133,1.36598678140988,0.00150343919297757
0.00736893212174938,0.0698536073706394,0.0017349841785483,0.063379112062945,0.999954602131298,0.93738348066177,1,0.731446724670415,1.37334208267895,0.0260756854866174
0.0291732075263302,0.0914514422899712,0.0179619204806714,0.255786962938549,0.995535689122177,0.968234066380647,0.631765911888227,0.998357078354059,1.0512138655727,0.00150343919297757
0.00888151330454104,0.107735038081273,0.00413796433153958,0.175158917129436,0.997597758669575,1,0.699999955058286,0.916316006822059,1.11288335845329,0.00230118671344912
0.0983538684413818,0.153453909624523,0.153184676120313,0.0554547630948029,0.994140614712953,0.980924259921162,0.1,0.706279837306245,0.71136453915257,0.00150343919297757
4.53978687024536e-05,0.0253341446088603,0.00247477510186506,0.0650391926799459,0.999954588356373,1,1,0.670320046035639,0.719179231463938,0.0274295033789903
0.0124080594275065,0.0335203682680835,0.0249369298050227,0.00582066499141701,0.999668518727737,1,0.997086382884386,0.854434558735538,1.06266538144086,0.00264913676725787
0.0385771694197712,0.134353036004912,0.059303989319948,0.0570505139077754,0.994587718330987,1,0.999999982150691,0.725722785007845,0.682927200065607,0.00150343919297757
0.0696838824661019,0.105123884430341,0.0423689385530597,0.114960306723064,0.993785378839234,1,0.399999945074346,0.762468174961037,0.686675665153939,0.00150343919297757
0.0349592850955289,0.249456076678764,0.0564543656189508,0.268941421369995,0.989550586952377,1,0.690689672713357,0.670320046035639,0.783019238742147,0.00477185888308684
0.0171727279803699,0.132802493197115,0.0117617135542083,0.268941421369995,0.995089145637444,1,0.220943208546078,0.957514108862079,0.96700875468415,0.00568502810334602
0.159005395331351,0.268941421369995,0.21791560860051,0.129969867775496,0.989013057369407,0.981199795676646,0.168800207888601,0.960025781650091,1.03189920414896,0.00150343919297757
0.0634236045024284,0.150925187170129,0.0698804721067425,0.144795166278998,0.99519745533416,0.829935662240281,0.370064319696352,1.18219027177558,1.34790713289976,0.00150343919297757
0.0410418803985031,0.0480284760004101,0.00258865114912815,0.190393867989236,0.999954602131298,0.800000119810488,0.515823256396834,0.955233495939779,1.17284964106096,0.00359803064553229
0.113599931957362,0.268941421369995,0.119356228482483,0.161173766472339,0.9975394592141,0.7687444877436,0.331255603991245,0.929112759856175,1.0228451361842,0.00264945703346982
0.131267196688755,0.268941421369995,0.133093109694312,0.146265022904746,0.993135991496309,0.995873518373167,0.123001831679855,0.81370351622227,0.794258860627804,0.00343626761627845
0.00158012977073618,0.268941421369995,0.0434706417864535,0.23673107086834,0.999954602131298,0.98219148636301,0.612985619972665,0.670320046035639,1.19236117205073,0.0287968894292161
0.0781382404856166,0.0972997249456246,0.0241408966305167,0.268941421369995,0.989013057369407,1,0.299999977484364,0.830902233671513,0.945119442801321,0.00509764268999002
0.0578450775857925,0.0600802658366203,0.0429728209593905,0.116767757937665,0.991706065420703,1,0.900000041312151,1.02421113503592,1.01529265438581,0.00150343919297757
0.0370902579290979,0.107719386085667,0.0585132915759268,0.0526254076396425,0.997107809097399,1,0.996037613122828,1.12413854832452,1.22477795209335,0.00150343919297757
0.084669338870297,0.0918535086297318,0.0711888878209287,0.0999821702718299,0.995560116588126,0.750000264155418,0.799999749616294,1.25599043157026,1.23967499826539,0.00150343919297757
0.036057920219803,0.0548185841098031,0.0301355642513429,0.0444599352295562,0.994992571066151,1,0.999999870889021,1.10586062067434,0.898703443228003,0.00150343919297757
0.0288424293235504,0.112411431243299,0.0212584698227033,0.125389520702853,0.999954602131298,1,0.500000854139792,0.788436397490981,0.770177348640195,0.0340352498800307
0.230078978343061,0.0778988312351935,0.219770910360437,0.109549727739456,0.992650903615482,0.850000006283588,1,0.750801438070945,0.756268027634357,0.00150343919297757
0.222771701634296,0.180238037001733,0.242393033344444,0.094312546487821,0.996835748562841,1,0.250000074063589,0.670320046035639,0.704068736500345,0.00150343919297757
0.149158081705401,0.167100516660397,0.16843731709028,0.128916347699702,0.992737479957702,0.950000147151559,0.199999799245213,1.35058599274289,1.293408769152,0.00150343919297757
4.53978687024344e-05,0.104719637086079,4.53978687024344e-05,0.00320261373792369,0.997748927787444,0.950000006527955,0.595465523244417,0.744789476107172,0.993929101930522,0.00150343919297757
0.0358699829922588,0.0948238932386472,0.0641275369463203,0.0642035859126606,0.994348302851557,0.8999999057631,0.550000036681182,1.28606679551794,1.36225863130562,0.00150343919297757
0.0291880426248322,0.0555640820905989,0.0456964053908877,0.0431941388890831,0.995711288140238,1,0.649999376515019,1.03950367671353,1.37015487313083,0.00150343919297757
0.162482566413346,0.0896372840698371,0.113183775650916,0.170688707354298,0.993348607785835,0.955551498159715,0.244448311991345,1.18415599242057,1.30788069753537,0.00150343919297757
0.0608429635550491,0.0325076843726724,0.0100493080677337,0.212917480317526,0.993679311763295,1,0.649999728319634,0.995645477003544,0.996923827681196,0.00150343919297757
0.0556577558766369,0.0974157694638687,0.059221615543817,0.155186524563278,0.99758813086324,0.994224131320611,0.205775891093787,0.770633742015732,0.907980655760136,0.0127308922624657
0.214354199701823,0.250698002927481,0.254064867348121,0.148922125335847,0.995978866452304,0.950000012648623,0.300000007252439,1.00964407672286,1.00790429755961,0.00150343919297757
0.0496156944938994,0.187987427776905,0.0399167334830088,0.18210432506656,0.989013057369407,0.950000120561183,0.649999500986347,0.922389389577713,1.10461557423714,0.00150343919297757
0.231512723915454,0.00616342428034542,0.129427305308168,0.268941421369995,0.989917609164924,1,0.350000003056603,1.40352432299765,1.39138398236579,0.00150343919297757
0.0433513265959976,0.17344887073836,0.11699723147422,0.17232156860647,0.994706256070773,0.933656611716421,0.366343235430472,1.02566065024246,0.989054808033978,0.00150343919297757
0.162967114371919,0.214764757132637,0.173951016354695,0.112699995362782,0.989013057369407,0.995163260794463,0.107338433994689,0.81000374971556,0.86746955490026,0.00150343919297757
0.060120577187765,0.147903994033134,0.0437061666249497,0.202160382878086,0.991506827695963,0.916266787278348,0.733733226490684,1.27500223793842,1.29539594787132,0.00150343919297757
0.0447401701073025,0.106913895925018,0.0411167841899303,0.0975760234082674,0.990851742942138,1,0.656810928613626,0.670320046035639,0.933176521262802,0.00150343919297757
0.0445073130784972,0.0851368730085645,0.0703192133395188,0.0160221468748821,0.998165026656644,0.999999999918606,0.999999999846877,0.743426734344173,0.833746197792358,0.00150344169565592
0.0512527786730151,0.222957943677235,0.0949029048577718,0.0648660373115762,0.995415392986221,1,0.149999992094204,0.670320046035639,0.670320046035639,0.00468662888089013
0.0759881683939136,0.154492996853409,0.0718698533972007,0.142730554574772,0.994542500200413,1,0.998196698667007,0.885066129354992,0.951663822875552,0.00150343919297757
0.0241296836030118,0.0557023536470661,0.00296863020910257,0.152888485307559,0.998087598586223,0.210605902700823,0.836057068015243,0.93291654833296,0.982068022490439,0.00150343919297757
0.0201059017077086,0.0956832004687827,4.54780546426275e-05,0.268941421369995,0.999954602131298,1,0.887323048594014,0.817249413884553,1.08201503422509,0.0057306993207488
0.188467375147586,0.264703358940465,0.210387312288854,0.254040747676891,0.989091709584774,1,0.500000039796558,0.693867062898068,0.684382158752967,0.00150343919297757
0.0284274670451248,0.0252214638007686,0.0121764269717251,0.114873289799722,0.996976957128225,0.850000009436731,0.722806650808853,1.06431530230412,1.17675193013162,0.00150343919297757
0.089716288331952,0.124112143046282,0.0972024563346631,0.123786727283182,0.996775590847636,1,0.399999979651045,0.94385418057516,0.933108859948466,0.00150343919297757
0.054378007140277,0.11037453534188,0.0679560774037084,0.0789830852916096,0.992577355393761,1,0.699999999562686,0.998646859557836,1.23544370730717,0.00150343919297757
0.147272330790013,0.171943714180197,0.162361570445648,0.138206335717058,0.995445941601198,0.986136223061149,0.1,0.784266327806427,0.874144230563158,0.00150343919297757
0.0205776589330294,0.107600479826988,0.0362026154557877,0.0879095558919916,0.997861701975765,1,0.199999941390165,0.770558238982881,1.04089282064465,0.0224669324604971
0.0166526376235574,0.112364674893279,0.0502271944852812,0.0443729923360729,0.999954589897304,0.999999999999657,0.99999999999979,1.28041968240421,1.27636065972033,0.0163154269390414
0.071476183478365,0.108180778839104,0.0501007505679262,0.173885398148674,0.995599339658445,1,0.696985431500953,0.903715331481864,0.793333304992065,0.00150343919297757
0.0401970083556723,0.103693216276617,0.0483437417891563,0.0421680901318628,0.999954594930708,1,0.100000000000001,0.796504883049937,0.839230308727319,0.0134606407975823
0.0366896492192427,0.0460642788170223,0.00794113261658164,0.177198252087028,0.995742793112647,0.900000840509059,0.59999912536741,0.942481077836537,0.937525792307109,0.00150343919297757
0.00792766856054872,0.0899869631431605,0.0124124543769397,0.0486785155426254,0.999954602131298,1,0.997624262007521,0.745030903652505,0.670320046035639,0.0192562907310593
0.0762363382702895,0.153819774437384,0.0799715507758088,0.191958574411207,0.994189312412862,1,0.650000047810317,0.670320046035639,0.712619682578377,0.00150343919297757
0.0920149231296536,0.0799634758645056,0.0992186865075267,0.0692712165821363,0.995338215786989,1,0.34999963042208,0.768048899399695,0.769070542957696,0.00150343919297757
0.0941033539961018,0.0592925316905532,0.0951724943384201,0.0824540703252025,0.991650342901814,0.953758660395126,0.246241343599802,0.670320046035639,0.748169771575536,0.00190680914328974
0.107830777653243,0.116178144467229,0.127337118676344,0.0864290638964513,0.99408394167422,0.981756026997828,0.16824395805532,0.861125241484614,0.832895790435749,0.00150343919297757
0.0296090957508484,0.0797969105680995,0.0383430682141305,0.0478951581937465,0.998560860030735,1,0.358857927241243,0.762450931274061,0.857666332932433,0.0104653950901402
0.0432981003400771,0.0595016410962169,0.0401915846510107,0.105684970409968,0.99476784875256,0.950000019675833,0.89999987501438,1.00893317590486,0.983928348221605,0.00150343919297757
0.0111653088668786,0.0741698304797902,0.0351760351722639,0.0148242208566381,0.998629444348773,1,0.9999999657469,0.670320046035639,0.794645553020312,0.00150343919297757
0.105648129234316,0.0873653608381142,0.0994815089961412,0.128112835241777,0.994191084715323,1,0.749999474013399,0.942428625120682,1.01105928766423,0.00150343919297757
0.0738222832481616,0.0635649161084327,0.0928608222180577,0.0741150845069151,0.995898965840943,0.800000079620565,0.949999973921567,1.22749717431557,1.3481530385425,0.00150343919297757
0.0296608889391945,0.0418367656161936,0.00707642411196303,0.172303463261574,0.994013841641242,1,0.999996534754101,1.49182469764127,1.29473248699785,0.00150343919297757
0.088676559493573,0.114104645661198,0.092714457386279,0.0907301810428196,0.995045487246269,1,0.8999921308537,0.862093668337781,0.925819944376836,0.00150343919297757
0.194629555035189,0.268941421369995,0.209860233928447,0.268196329773037,0.989013057369407,0.881575032545829,0.218424934128948,1.17459722010364,1.1888843706082,0.00202750578790033
0.105284198397055,0.158058957745731,0.141599929000501,0.0734804429042515,0.996320955886419,1,0.499999452475894,0.670320046035639,0.70449275780435,0.00150343919297757
0.0766828794008655,0.226432973377701,0.150497258150027,0.0306086224632206,0.998065065095128,1,0.14999932506713,0.670320046035639,0.815544763299781,0.00318623831054342
0.00547703156254938,0.105864453239922,0.00271901732714562,0.247560243198728,0.997997945432198,1,0.549999970940266,0.774288514447943,1.09324947786836,0.00150343919297757
0.0949742909646814,0.101223314553358,0.0635137068519945,0.178411702085804,0.995643705775419,1,0.138208060123165,0.670320046035639,0.852051824964622,0.00150343919297757
0.0409910803355235,0.0680889857580168,0.0787676783743295,0.0080019101773901,0.999954602131298,1,0.249999130271343,0.930170535936027,1.01628736356467,0.00307490044451782
0.0878257420536049,0.226210777337695,0.136607099093849,0.0823804588392272,0.99542164911437,0.971306222531838,0.528694343501416,0.670320046035639,0.74230627159279,0.00150343919297757
0.165235730292195,0.156738402490442,0.191986295125593,0.118945334948242,0.995494331620756,0.849999994110983,0.1,1.10836925617563,1.10793255595853,0.00150343919297757
0.0265598523314768,0.0778498572695596,0.0314775177572647,0.0561953081582616,0.995176540650501,1,0.665563486875575,1.00459306908403,0.944067968921438,0.00150343919297757
0.0469609669060054,0.116067069614446,0.0699485630212891,0.0699038867787631,0.997491193053378,0.561568692044357,0.938431298499014,1.18676459164721,1.21809853646552,0.00150343919297757
0.0289474279140917,0.042142618865556,0.00590917609328726,0.157054069832681,0.996311048326098,0.350000118374288,0.699998864469798,1.0041751345097,0.968359139196601,0.00150343919297757
0.00312481378811083,0.0223637285530946,4.54892222477949e-05,0.000953678598140335,0.999954257852137,1,1,0.732655765934319,0.999239834537246,0.0015097437918828
0.0135336050326166,0.060624059315605,0.0383996668215445,0.00903018093226655,0.999201551550101,1,0.999983804795577,0.676374922395927,0.678855634666739,0.00150343919297757
0.0392129625504001,0.144640115307508,0.0535903267143539,0.0936485521755754,0.990582563258912,1,0.363551545610477,0.892209464274081,0.880016051602669,0.00150343919297757
0.0222721807992719,0.081001255982858,0.0318737190707657,0.0554482511754463,0.995784792814501,1,0.900003008952906,0.847672286643854,0.829539994943702,0.00150343919297757
0.103001353262253,0.0397311429775184,0.0928990999071134,0.0627246875607202,0.99380313806659,1,0.699999801589775,0.88727526085247,0.816231814584666,0.00150343919297757
0.0592048522266999,0.103385763644423,0.086318195445571,0.0871943028183322,0.993413177049215,0.950000405645209,0.1,0.915219703162859,0.846718789297826,0.00768615859828886
0.0364713834134532,0.12966055007544,0.0208396467340932,0.228862833652194,0.989240712207382,0.949999996331106,0.35000004883307,0.936761625754312,0.988152010698292,0.00150343919297757
0.0384841570327357,0.151696600711572,0.0218284386668862,0.268941421369995,0.990836256037665,0.900000262432835,0.849999720386385,0.754619618220417,0.790103014830231,0.00150343919297757
0.0244757284420914,0.0780103903274302,0.000190134534954124,0.0634874363364018,0.999954602131298,0.564393385486831,1,0.670320046035639,1.49182469764127,0.0277423732160202
0.169746432576944,0.238113690832096,0.253385043683551,0.133278901501897,0.992312521793027,1,0.249999977912408,0.719665037750776,0.754874252757009,0.00150343919297757
0.091143993327161,0.0362387753966927,0.0290325298944056,0.267154366363162,0.998061387899127,1,0.204596894289135,0.815549139947324,0.851587269883268,0.00150343919297757
0.0661670138281843,0.0989216517127278,0.090304665796265,0.0748274785411,0.996151227900295,0.599999995845654,0.1,0.725884258494624,0.835855771154917,0.00363923833446432
0.174484720635425,0.231018783423832,0.211995904067074,0.0774125480112954,0.996186702088293,0.799999992677089,0.1,0.686069514414741,0.709962867445792,0.00150343919297757
0.0665945584336796,0.163231731974495,0.0804666000589188,0.202870806492513,0.995432641706284,0.899999958763264,0.349999990956365,0.902540079899364,0.991126929089743,0.00150343919297757
0.0291364386547803,0.0683560661507699,0.0202960655865716,0.0943335363206892,0.993513889440306,1,0.999395239004678,1.07433593542635,0.978242871384376,0.00150343919297757
0.0237423682773127,0.0684234878266546,0.0375360859085987,0.0450237472719579,0.994738462705864,0.998657464978049,1,1.0147782210556,0.977943191872954,0.00150343919297757
0.20561513930401,0.268941421369995,0.268941421369995,0.178754357677768,0.989013057369407,0.950000061767017,0.1,0.68929855521849,0.743711239004437,0.0122150562493994
0.0619388929108099,0.0582657275776569,0.0283739862961766,0.138170532103403,0.996772965385315,1,0.849999955963166,1.19139809719811,1.06141470883678,0.00150343919297757
0.00653368168479592,0.0504388071544836,0.0358685780651976,0.00307127134267654,0.999944144599098,0.998859793224137,0.987929272283469,1.03611590385206,1.05996668031558,0.00150343919297757
0.118524863981836,0.187318933378831,0.114829055491779,0.251677251398161,0.989719883510924,1,0.400000006640266,0.795373400878163,0.847396871625372,0.00150343919297757
0.163239918898514,0.185109573374854,0.179673698480732,0.152207834757194,0.99861008218163,1,0.1,0.832258871882679,0.813522772735925,0.00150343919297757
0.128984086738239,0.0731535432965543,0.0954746381594409,0.229076185388999,0.993533550935191,0.800000012071023,0.700000001124562,1.02594074395129,1.11006165816874,0.00150343919297757
0.0438177638851554,0.148813733551807,0.0528315166734794,0.161589256863067,0.999954602131298,0.981890962703163,0.1,0.736768537135727,0.84633336676402,0.038732879074683
0.0614432088932604,0.161886397732774,0.113020567203589,0.0634433652918532,0.996034034482749,1,0.699999834254322,0.803175325157997,0.88648310570349,0.00150343919297757
0.100452898786313,0.0374408341324326,0.0528688381057485,0.0977003593348515,0.990905736241677,1,0.1999680674707,0.938612415152803,0.874798031287601,0.0065900976739494
0.0720839993375887,0.207265646902015,0.121726467761055,0.134778958953168,0.99209886658978,1,0.250012554694591,0.696606055135748,0.821395443650136,0.00150343919297757
0.0443233496607319,0.129666096443263,0.0835923217600892,0.0465829631893151,0.994706411636143,0.95868458867306,0.441315215044513,0.739669842672406,0.786542078435834,0.0028181702731028
0.0127466914441062,0.0903407533741384,0.0135754013158245,0.133527733408694,0.997978128326391,0.449999948990272,0.450000002622517,0.871199859306232,0.943036851816092,0.00150343919297757
0.107846026469381,0.121719542520495,0.150073896833897,0.054799643659937,0.995983845272483,0.99651678293716,0.1,0.772707604691585,0.773783851485462,0.00150343919297757
0.249740474474315,0.124293209465472,0.213038774553023,0.145270020596722,0.992271943683276,1,0.149999856513472,0.719792565113784,0.686764821199716,0.00150343919297757
0.00800035409275053,0.0322303694642722,0.0102162267612947,0.0046889787687123,0.999954602131298,1,0.996146341436681,0.895701650539278,0.96489707701601,0.00403809674030869
0.216679888387586,0.155026392242823,0.242298592896124,0.178579738452034,0.989013057369407,0.950000011781201,0.54999999874747,0.719388531613822,0.709885154583931,0.00150343919297757
0.182641369357185,0.240965429706463,0.18927395516185,0.128202569474714,0.994999446374082,1,0.349999994881689,0.696735196523362,0.771775312815914,0.00150343919297757
0.243774960231143,0.220242363739072,0.268941421369995,0.122833109404139,0.999954602131298,0.47118725057152,1,0.769903502717564,0.670320046035639,0.0232456610450362
0.0215476678431993,0.0696215057914862,0.0327039697709836,0.0270058173403133,0.998331622604387,0.699999836524897,0.682330312825182,1.00049235778169,1.01457087188807,0.00150343919297757
0.194037003276547,0.148160155360996,0.228518688945324,0.132216071024459,0.990238028451536,0.89999999597644,0.1,0.784404837236048,0.734682791835073,0.00247938932252664
0.0595626690359705,0.084854036723398,0.0268767409361081,0.213201440381887,0.990987367720203,1,0.650000007073902,0.806494869475135,0.907532460115303,0.00150343919297757
0.1288756649104,0.244108922716395,0.146166544839835,0.10135734220616,0.992180752783872,1,0.200000004466119,0.777382145166471,0.734219159671489,0.00150343919297757
0.15682433263745,0.268941421369995,0.157924765324496,0.261114600762428,0.990686094520364,0.83981383709706,0.1,0.687675709593149,0.8850293742558,0.00150343919297757
0.166494892202703,0.162631144283288,0.185987690604085,0.139592702028776,0.989013057369407,1,0.150000002884808,0.687968194564274,0.745139533130752,0.00150343919297757
0.113370091552171,0.242250184911244,0.180550725098911,0.0341157527891703,0.996769862111774,0.950000004827126,0.1,0.740773775052089,0.925542013313899,0.00179986781963675
0.151230651997286,0.268941421369995,0.234383037466296,0.0911456485679251,0.993681933626532,1,0.10000001991593,0.670320046035639,0.6941293649773,0.00150343919297757
