0.0698784182102574,0.0990463972124724,0.0745051044411609,0.147996829427081,0.995201497047554,0.962784878958476,0.987215526542057,0.774313537785439,0.891386938593085,0.00150343919297757
0.0594975612158322,0.104215391253212,0.111378175544426,0.0104900193560138,0.999954602131298,1,0.998750468588857,1.01622029793548,0.98275506756519,0.00332099121314414
0.0442979134940821,0.0641771283049913,0.0275855410596367,0.117651339210751,0.996968658753494,1,0.650000187375176,0.700160691505224,0.780467774967443,0.00150343919297757
0.0670282070993167,0.0506214316579277,0.0389504325634497,0.0197268109586464,0.999954602131298,1,0.199999883500952,0.960248316705641,1.01953882670457,0.0112763470238039
0.00193289437652022,0.000285800771212943,0.107888038875433,0.0214259920583297,0.997723334992356,0.281867543062261,0.225348712525683,0.831887813672939,1.38085602723856,0.13409992658758
0.00193289437652022,0.000285800771212943,0.107888038875433,0.0214259920583297,0.997723334992356,0.281867543062261,0.225348712525683,0.831887813672939,1.38085602723856,0.13409992658758
0.00193289437652022,0.000285800771212943,0.107888038875433,0.0214259920583297,0.997723334992356,0.281867543062261,0.225348712525683,0.831887813672939,1.38085602723856,0.13409992658758
0.0803859210042064,0.182199490613832,0.114398163626797,0.139982748042532,0.989013057369407,1,0.55000004497186,0.687175419165238,0.670320046035639,0.00150343919297757
0.110515527984627,0.142908211300463,0.100095643769383,0.225068314888042,0.99359252591563,1,0.249999947496541,0.670320046035639,0.724176825860058,0.00150343919297757
0.14196230463579,0.148813092998149,0.136748393245519,0.171207859954642,0.994264898509167,0.800000040110951,0.349994420894505,0.823857532349119,0.929853086082433,0.00150343919297757
0.0555510888221227,0.0872955092716381,0.0731497899474756,0.0569120260889436,0.996687397459712,0.650000902213706,0.899999065142322,0.774158493576626,0.790284394794705,0.00150343919297757
0.0553513490740056,0.107262590722896,0.0756855394447907,0.0809406673391426,0.997566656500169,0.999999999803697,0.99999999981343,0.713800624953479,0.680564073855643,0.00150345846823962
0.141103147682546,0.21852457048321,0.191702909179101,0.114397605884753,0.997491568111194,1,0.199999985425356,0.886104481418676,0.911970650179675,0.00150343919297757
0.148745025986548,0.127782559046547,0.166058135605334,0.173474971811998,0.995036141920795,1,0.299999996125439,1.09115615475215,1.00580294403959,0.00150343919297757
0.00193289437652022,0.000285800771212943,0.107888038875433,0.0214259920583297,0.997723334992356,0.281867543062261,0.225348712525683,0.831887813672939,1.38085602723856,0.13409992658758
0.0129921353648283,0.069204275464637,0.0344258214894967,0.0127367949340566,0.998268647975189,0.877025943369702,0.791119420064944,0.685010725728236,1.00559362176589,0.00150343919297757
0.0555741374514683,0.101017672661547,0.0519296692827742,0.124298702951116,0.996024111772536,1,0.300000113698696,1.02587801827871,1.08262936225025,0.00150343919297757
0.212377799846099,0.0851154715942445,0.172062071303539,0.117691980170934,0.999307853376948,1,0.34999898078769,0.739519080644732,0.707315611563436,0.0249704866807143
0.0421683009147603,0.0643456766358491,0.0252825835375969,0.106784633810246,0.993183622034754,1,0.413783770780381,1.20864710976574,1.10857167736126,0.00803316701183791
0.127324540885452,0.0236138805611396,0.0551307733406678,0.142830351558548,0.989189565904332,0.2,0.799998478759058,0.812697725364392,0.696634229371581,0.0115976267829149
0.149485867877582,0.164631868273588,0.179361680401783,0.232622694981537,0.989049953185696,1,0.200000015183723,1.2263837242673,1.15509764934956,0.00150343919297757
0.075913744923566,0.224693858025747,0.145496519402345,0.0706312822236467,0.994099443373353,1,0.799999973368074,0.715377807197927,0.828352642978732,0.00150343919297757
0.026961584184132,0.0547697765784947,0.0369400631246572,0.00485687328947798,0.999954602131298,1,0.262987748915633,0.807783442045114,0.905333937869963,0.00247152470378469
0.00193289437652022,0.000285800771212943,0.107888038875433,0.0214259920583297,0.997723334992356,0.281867543062261,0.225348712525683,0.831887813672939,1.38085602723856,0.13409992658758
0.00806403320201363,0.0848619725483044,0.0277024997411159,0.0334035235597592,0.998316197770986,0.998689285699118,1,0.670320046035639,0.778701523963942,0.00220217233635476
0.0277489173440952,0.103744666778554,0.0310167924935681,0.0648815342252094,0.999954602131298,0.541226115337265,0.758773492365538,0.702765489518918,0.670320046035639,0.0223542305261132
0.039233962197083,0.0737101250654402,0.0429418614298595,0.0826366679900242,0.99345798247021,1,0.649999892318072,0.702759718532634,0.716504797173157,0.00150343919297757
0.134354151755218,0.246291597969287,0.149973207688155,0.226983340818411,0.99475536063664,1,0.250000016607623,1.02332432667601,1.01286872474188,0.00150343919297757
0.211211793572979,0.196936746964779,0.268941421369995,0.0173231487473765,0.999954602131298,1,0.998977955621871,0.979711338985026,1.03152706179422,0.00439361192050885
0.101869356065252,0.204533131421427,0.181726649559662,0.0872082612454608,0.995583751832589,1,0.100000000072817,0.903042766387682,0.971122251377028,0.00150343926990194
0.0661214622590944,0.198905884963105,0.0462334155827069,0.266545758382718,0.992828634276787,0.950000017060625,0.280983958781116,0.771968336360088,0.836011389865351,0.00150343919297757
0.0437361919950926,0.264548948909082,0.0559357995543947,0.222647491186582,0.989267273937743,1,0.402409517784087,1.00800230229194,1.15416373440799,0.00150343919297757
0.166449160508684,0.256977049094307,0.237765332358325,0.0409910348883527,0.999330869636667,0.949999910880609,0.1,0.670320046035639,0.722115770251924,0.00150343919297757
0.0102267023408974,0.191367879028612,0.0441027682412303,0.0501312687954265,0.993915224373884,0.799999999590506,0.923164568591149,0.6908221754696,1.08396084219356,0.00150343919297757
0.0318950990171852,0.148749103154401,0.00962775507298345,0.268941421369995,0.989013057369407,1,0.74999993373325,1.10843768161222,0.983065302758922,0.00174485373855758
0.112917939368878,0.216820525632911,0.122713753440898,0.17259842374968,0.998508339056459,1,0.100000003105283,0.86287230521665,0.814473013999663,0.00150344053244069
0.00193289437652022,0.000285800771212943,0.107888038875433,0.0214259920583297,0.997723334992356,0.281867543062261,0.225348712525683,0.831887813672939,1.38085602723856,0.13409992658758
0.00193289437652022,0.000285800771212943,0.107888038875433,0.0214259920583297,0.997723334992356,0.281867543062261,0.225348712525683,0.831887813672939,1.38085602723856,0.13409992658758
0.170326035404088,0.152645444497182,0.104426198565798,0.253261083961872,0.995089142308759,1,0.40000001045591,1.04893120661761,1.12679034162814,0.00150343919297757
0.0593974652256178,0.145377253500071,0.0603947203194507,0.126980042677952,0.999954602131298,1,0.200000756583198,1.17991899665915,1.49182469764127,0.0297978687382077
0.0962566299983958,0.143367936434389,0.0799594030769975,0.231161569385949,0.995337194965465,0.849230512821313,0.35076984073151,0.893775072875821,0.920995790377893,0.00150343919297757
0.0111695939242377,0.0666533872610023,0.0243745696459403,0.0449302596980948,0.996946417190116,0.999649747529518,1,1.0532679004742,1.27758358974323,0.00328996078573619
0.010971949029694,0.116489214277297,4.68282835635883e-05,0.268941421369995,0.999954602131298,1,0.765929599898694,0.993977998530107,0.984736881179867,0.00405931882039158
0.0890585539874514,0.129099744998926,0.103703928302776,0.190438732531351,0.992375030764812,0.950000459690597,0.749999398441187,1.34328628869264,1.28827035583469,0.00150343919297757
0.0756994188518573,0.15427641610767,0.113283325101237,0.0759784544737004,0.996580627695222,1,0.1,0.862223833813888,0.77005262951087,0.0035432118272034
0.0256225815959202,0.113228877805721,0.078868190860744,0.0110088619941671,0.999954602131298,0.788089170465802,0.211953063723475,1.06084495412766,1.00012643384144,0.00479336316775626
0.0564455196917149,0.0459021768459469,0.00991318891196046,0.250556885601193,0.993718412503468,1,0.451813493066097,0.767153439459872,1.02659214483063,0.00150343919297757
0.0614763271193,0.261990960298651,0.0680440240318635,0.232165878700946,0.992415582915257,1,0.449612781967471,1.2509959102688,1.1284665275525,0.00150343919297757
0.120865836476873,0.268941421369995,0.157202546656474,0.161656582384072,0.992881872180785,0.972058393671447,0.177941521817813,0.670320046035639,0.733013626644773,0.00180774015514588
0.163037075842935,0.106588171170077,0.0882075027722636,0.235362494006683,0.991679389699573,1,0.249999877618431,0.869449490323139,0.916327312994854,0.00150343919297757
0.0679895153595753,0.155946684902363,0.0700446824819395,0.188156357248243,0.997631088777615,1,0.299999779235787,0.804321758686824,0.741851799885661,0.00150343919297757
0.0703129692532486,0.182047265272713,0.1075581280869,0.170403691021291,0.992995550317338,0.849999953825728,0.950000063217108,0.846006053320661,1.00962733742744,0.00150343919297757
0.0859808099602217,0.197201559281537,0.10010973119486,0.0733164294293446,0.993847824562999,1,0.349999406022114,0.746660905087076,0.770996787084514,0.00150343919297757
0.0695156197881849,0.130510646052716,0.119450439419253,0.101070316612839,0.99374608170892,0.917070148359765,0.382929973601707,0.878054960598481,0.882584800227951,0.00150343919297757
0.0547473892890578,0.0833918137049174,0.0868108017062094,0.0306310123612688,0.998322682536713,1,0.895558731030232,0.670517185040573,0.747917932503848,0.00150343919297757
0.0900115455928947,0.135412832135206,0.0826254954145131,0.186207152249342,0.993593755574161,0.949999798198471,0.700000189238365,0.948548717112362,0.978799785407586,0.00150343919297757
0.00919137137991307,0.0497186275992738,0.00036968462047969,0.0709660375115028,0.999954601962049,1,1,0.912167768227224,0.67032004603846,0.0352187438761724
0.00193289437652022,0.000285800771212943,0.107888038875433,0.0214259920583297,0.997723334992356,0.281867543062261,0.225348712525683,0.831887813672939,1.38085602723856,0.13409992658758
0.0741043428376335,0.0815369995062814,0.0416539141193557,0.125897055817601,0.992513419729963,0.900733058499219,0.349266835005094,0.871292055018559,1.10578658570748,0.00150343919297757
0.0330106203498489,0.134736200186724,0.0428630602088382,0.159908986737046,0.996827101163719,1,0.649999883015413,0.795767658837626,0.91605615721814,0.00150343919297757
0.0152020869219414,0.0614956545169163,0.033906580891041,0.011935274584014,0.998812662130947,0.75570705001455,0.84429252937276,1.24583086405737,1.27683995721786,0.00190790912422638
0.0806030145322984,0.0742894600034416,0.0707084762290059,0.127445736112006,0.997086953076136,0.464126250870385,0.585873758993085,1.05184987989486,0.974399839406312,0.00150343919297757
0.183330557166986,0.202915515105808,0.224487396524429,0.118445989639803,0.995408906738369,0.80000010159654,0.149999953930261,0.82089553387878,0.819962191542075,0.00150343919297757
0.0712727176077025,0.118113560246056,0.0751800596245205,0.180758504596536,0.995408289446962,1,0.118369094396116,0.808777978232624,0.836263747222497,0.00364394093951519
0.0803328326470885,0.0703692727110676,0.109291354668547,0.0340219986236447,0.996479277340406,0.8000002962303,0.1,0.902576263103021,0.714865251776324,0.00242923168380693
0.191783685537919,0.248492826723433,0.25585905504793,0.126908090623228,0.995645797264061,0.949999993734655,0.1,0.670320046035639,0.735666659985377,0.00150343919297757
0.00193289437652022,0.000285800771212943,0.107888038875433,0.0214259920583297,0.997723334992356,0.281867543062261,0.225348712525683,0.831887813672939,1.38085602723856,0.13409992658758
0.0415695162357831,0.102075504430132,0.0642975460926169,0.0582049520701439,0.998848025764827,0.950000007501522,0.1,1.05434783148582,1.0902005299056,0.0137031085723434
0.0179482176863344,0.0520320727593652,0.0200754252084186,0.0654586158606714,0.996575553694327,0.949999875445189,0.979973660039158,1.00357151826402,1.19400553754071,0.00150343919297757
0.112248778312737,0.207756909074021,0.186008752945294,0.0826500774418861,0.994316116515276,0.950000047157497,0.1,1.37501207058713,1.28882790395308,0.00219237253902444
0.0194932393455311,0.121307794668574,0.0639566078388708,0.0777707776912805,0.995494857672657,0.850000051150365,0.749999638679309,0.871830412489996,0.915356142106831,0.00150343919297757
0.00193289437652022,0.000285800771212943,0.107888038875433,0.0214259920583297,0.997723334992356,0.281867543062261,0.225348712525683,0.831887813672939,1.38085602723856,0.13409992658758
0.00193289437652022,0.000285800771212943,0.107888038875433,0.0214259920583297,0.997723334992356,0.281867543062261,0.225348712525683,0.831887813672939,1.38085602723856,0.13409992658758
0.00395635316225777,0.0473078099819861,0.00342990038418595,0.00275337262030016,0.999954602131298,0.9945607908033,1,0.670320046035639,1.00712948461169,0.0031977490553252
0.0204845326658562,0.150818929805897,0.0532370664459856,0.0946828738432824,0.998188773517602,0.899999341153455,0.949978623143586,0.966993543824821,1.12203773759327,0.00150343919297757
0.0976722555536255,0.0677938668705332,0.00588906785776456,0.192209445393174,0.997179561431667,1,0.290148158791588,0.957100516644828,0.814442718509751,0.00150343919297757
0.0823874602738801,0.0699895899865613,0.0875933288778755,0.0867529786736433,0.995459349325314,1,0.350000011585697,0.980255053505741,1.23164761801376,0.00150343919297757
0.0838499362876704,0.268941421369995,0.178745036905593,0.037447600926762,0.99814426389517,1,0.196852130127651,0.670320046035639,0.704024503294772,0.00233363737385342
0.0168758919843265,0.0173551314661845,4.53978687139e-05,0.000945851752833285,0.999954602130461,1,1,0.923027248185469,1.00129396268968,0.00150349474206076
0.00193289437652022,0.000285800771212943,0.107888038875433,0.0214259920583297,0.997723334992356,0.281867543062261,0.225348712525683,0.831887813672939,1.38085602723856,0.13409992658758
0.161262813989148,0.131614139356216,0.125525575971626,0.187125654632526,0.991595309510432,1,0.149999998610207,0.777759726026127,0.843184792800795,0.00150343919297757
0.0339712164611709,0.242821297777348,0.0483038088888916,0.15917864744873,0.989050125729255,1,0.700000002969937,0.917244139721208,0.964564739999245,0.00150343919297757
0.0768132475801033,0.102838026701549,0.0905244178728192,0.0516717546834229,0.999954602131298,0.799999420284529,0.1,0.804692307016572,0.792930607532881,0.014222444762538
0.102001391739056,0.133857732741848,0.116947531686384,0.0935822686777599,0.989013057369407,1,0.399999973487858,1.22288660351698,1.06032544132006,0.00150343919297757
0.0785294509070341,0.167514727601856,0.106930542918359,0.0838772247474965,0.994036014904547,1,0.150000033154657,0.904623766181878,0.890561652471224,0.00214642154617671
0.00193289437652022,0.000285800771212943,0.107888038875433,0.0214259920583297,0.997723334992356,0.281867543062261,0.225348712525683,0.831887813672939,1.38085602723856,0.13409992658758
0.0352684828746697,0.110059027103881,0.0551339618977022,0.0109835123454898,0.998856941925945,0.988950553829162,0.311047839216592,0.730163980159015,0.761524240135276,0.00189476589619912
0.106707934878999,0.211032659096822,0.107969284577745,0.180906770423787,0.998312104123558,0.800000021948586,0.1,0.872500331123996,0.874051215140479,0.00150343919297757
0.0220968774322086,0.0736266107318634,0.0517258843023942,0.0528357607546909,0.994537398931355,1,0.996320695118983,0.778338203614296,0.768894675312727,0.00150343919297757
0.00193289437652022,0.000285800771212943,0.107888038875433,0.0214259920583297,0.997723334992356,0.281867543062261,0.225348712525683,0.831887813672939,1.38085602723856,0.13409992658758
0.0777390122755365,0.16002933338692,0.111319205107729,0.0732142109523525,0.995872695460693,0.900000150723269,0.600074171932398,0.681222368865985,0.730879774647305,0.00150343919297757
0.00193289437652022,0.000285800771212943,0.107888038875433,0.0214259920583297,0.997723334992356,0.281867543062261,0.225348712525683,0.831887813672939,1.38085602723856,0.13409992658758
0.00193289437652022,0.000285800771212943,0.107888038875433,0.0214259920583297,0.997723334992356,0.281867543062261,0.225348712525683,0.831887813672939,1.38085602723856,0.13409992658758
0.135980953777192,0.128461219863616,0.122891048442874,0.144070800827662,0.991383788905164,0.950000017244941,0.349998140528697,1.23621460110624,1.12338974862612,0.00150343919297757
0.0678243909436554,0.0955078236521515,0.0833793343269654,0.0882448953520175,0.99503713651089,0.7536922211093,0.218369064095521,0.706827331670238,0.821235926238056,0.00150343919297757
0.00919258375688353,0.224809847381938,0.00320886066279606,0.236436764667248,0.999954602131298,0.95000000857963,0.1,0.905016233669426,1.20844825849625,0.0311787514878731
0.00193289437652022,0.000285800771212943,0.107888038875433,0.0214259920583297,0.997723334992356,0.281867543062261,0.225348712525683,0.831887813672939,1.38085602723856,0.13409992658758
0.126173965607448,0.177251856844187,0.0671090671267857,0.253583943212399,0.995426201264503,1,0.1,1.32489777128936,1.28189725884101,0.00976173139472675
0.00761864363058351,0.086801062329223,0.0157606605814283,0.0109968297355165,0.999954602131298,1,0.998215152529654,0.670320046035639,0.993047762130085,0.00888037861169006
0.0291735302393112,0.0914507246504758,0.01796241869818,0.255785205909112,0.995535527427415,0.9682363965736,0.631763591104564,0.99834984699388,1.05121686523561,0.00150343919297757
0.0319054162656777,0.0730066657051359,0.0171428289963458,0.115120208290683,0.997456820738109,0.899999873574305,0.750000343368287,0.709696350265754,0.743454705748979,0.00150343919297757
0.00193289437652022,0.000285800771212943,0.107888038875433,0.0214259920583297,0.997723334992356,0.281867543062261,0.225348712525683,0.831887813672939,1.38085602723856,0.13409992658758
0.00891424791576473,0.109118508282005,0.00678731018348779,0.155852653962621,0.995500886546985,1,0.749999999505366,0.944716127255739,1.13837790448547,0.00150343919297757
0.0928436011055823,0.145962384459468,0.134274509622147,0.0768891196656783,0.99206901759035,0.950000029469628,0.14987640673533,0.74837681667954,0.756935089106353,0.00150343919297757
0.152088825985377,0.100520615520071,0.135282882432477,0.177190593764867,0.994122232218805,0.949999985345814,0.350000032831555,0.683646766560666,0.717025597209345,0.00150343919297757
0.0715356696612625,0.127911064303928,0.0977959778206891,0.143918317807229,0.991985141094729,0.951182632113446,0.162109286829184,1.10723526565743,1.18026971894516,0.00150343919297757
0.137342244758433,0.0823330443666015,0.128942286048699,0.201958232840094,0.996580657363514,0.749999668811624,0.700012422890118,0.689041594743408,0.742960722636922,0.00150343919297757
4.53978687024344e-05,0.0220985283339647,0.0223056496031896,0.00457317875834279,0.999029479965819,0.996577792242456,1,0.670320046035639,0.999857403155184,0.00150343919297757
0.0676501454449665,0.0920406710406527,0.0539909243226571,0.178165501226888,0.996555776190579,0.850034986723154,0.149964730599289,0.890046814515576,0.862294504040234,0.00150343919297757
0.00193289437652022,0.000285800771212943,0.107888038875433,0.0214259920583297,0.997723334992356,0.281867543062261,0.225348712525683,0.831887813672939,1.38085602723856,0.13409992658758
0.0119861166206271,0.0306001771983161,0.0251154966811196,0.00584952736532683,0.999299937869415,0.999999999974524,0.999999999983815,0.898095943142885,1.12252505459265,0.00150351002809852
0.0371265881203139,0.130969179563585,0.0507895984314525,0.0728940547224841,0.993909810785712,0.99999999999999,0.999999999999975,0.793951476994812,0.754455697439652,0.00150351036080178
0.0468459443545895,0.0847042875727262,0.0144753166793474,0.141284478094485,0.994197356195651,0.905541984179222,0.494457986142404,0.914161268777106,0.826214519565066,0.00150343919297757
0.0345462790450467,0.268941421369995,0.0678195497538489,0.268941421369995,0.989013057369407,1,0.748656864347242,0.670320046035639,0.764714574922471,0.00150343919297757
0.0218570042357171,0.149322067720539,0.0682983103737461,0.10178441513726,0.989013057369407,1,0.231739979310844,1.1094289416489,1.12158948549118,0.00150343919297757
0.15900799565189,0.268941421369995,0.217917798330455,0.129967054799792,0.989013057369407,0.981197048774032,0.168802955775854,0.960014260507765,1.03189399875636,0.00150343919297757
0.0357885645993417,0.119377624999859,0.0510788362563126,0.0854139296191059,0.996895985383999,0.648885240556748,0.154203051773731,1.19421298555683,1.38144489381933,0.0045217044158372
0.146598341774884,0.186270351961834,0.200548521784055,0.11487957000695,0.99754196470279,0.849999932568218,0.250000062704883,0.855110774513971,0.869154919745132,0.00150343919297757
0.00193289437652022,0.000285800771212943,0.107888038875433,0.0214259920583297,0.997723334992356,0.281867543062261,0.225348712525683,0.831887813672939,1.38085602723856,0.13409992658758
0.0770811594323326,0.061016216954293,0.0296942772128211,0.152007609149186,0.995584856256085,1,0.47448503847679,1.19415315508605,1.42767099201224,0.00150343919297757
0.0355442060505801,0.137331504429337,0.0166846018757647,0.198639430306218,0.999954602131298,0.997291625824544,0.202708413078402,1.07668364614074,0.955449534488181,0.0193732772633949
0.00193289437652022,0.000285800771212943,0.107888038875433,0.0214259920583297,0.997723334992356,0.281867543062261,0.225348712525683,0.831887813672939,1.38085602723856,0.13409992658758
0.0729400876537522,0.0674601614255338,0.0835247085330113,0.0794939245161867,0.994278507027864,0.899999993739912,0.750000153246142,0.718012962026439,0.766776579392661,0.00150343919297757
0.122239809289533,0.268941421369995,0.19665115153916,0.0171589317984849,0.999222590537841,0.750000170602961,0.1,0.745848179598529,0.806249131182582,0.00150343919297757
0.0861314891075629,0.258795461519255,0.0611471107905234,0.206145566559827,0.996890185255243,0.996108605378978,0.1,0.930293968206429,0.915722942088579,0.00950913032064974
0.00158077535812802,0.268941421369995,0.0434631880205896,0.23676290128178,0.999954602131298,0.98220004371276,0.612967739876205,0.670320046035639,1.19235034522936,0.0287933110727057
0.00193289437652022,0.000285800771212943,0.107888038875433,0.0214259920583297,0.997723334992356,0.281867543062261,0.225348712525683,0.831887813672939,1.38085602723856,0.13409992658758
0.0333952429405122,0.0628629381463991,0.00579602589856715,0.0946354188648238,0.999954602131298,1,0.398485890923489,0.859754865341258,1.36945373334824,0.040896442107848
0.0584169408241688,0.0616973947403239,0.0359249166665393,0.144039561964542,0.992582717940024,1,0.899999969016823,1.0222728463217,1.01333678893426,0.00150343919297757
0.0271281456595878,0.0193995618751197,0.0281041368935451,0.00318273254486615,0.999954602131298,0.952616535570857,0.897390418439874,0.952869943050926,0.978865026277345,0.00206873459578918
0.0965918756027675,0.138907686471411,0.135244289176149,0.0766138571992803,0.989013057369407,0.964262690023012,0.1,0.939279055061309,1.03117344097608,0.00218310481459124
0.0370897775531601,0.107746351135901,0.0584714554975901,0.0527445220264626,0.997104955602918,1,0.9972688510433,1.12399583682818,1.22462300441346,0.00150343919297757
0.00193289437652022,0.000285800771212943,0.107888038875433,0.0214259920583297,0.997723334992356,0.281867543062261,0.225348712525683,0.831887813672939,1.38085602723856,0.13409992658758
0.136578117798379,0.160135373582879,0.156022495513855,0.110025756035435,0.992252513908401,1,0.1,0.8849235887932,0.923069984654745,0.00462305155326145
0.0846666827064108,0.0918613081650352,0.0711855888888074,0.0999912961890142,0.995560099288873,0.750000687398417,0.799999243631383,1.25598720837534,1.23966631086921,0.00150343919297757
0.0360286518792619,0.0547663419636937,0.0302180610551915,0.044156271637566,0.995013792480782,1,0.996656355944714,1.10564625577468,0.898460296611323,0.00150343919297757
0.0288320567411679,0.112413956872721,0.0212476159260461,0.125425219392839,0.999954602131298,1,0.500000507932718,0.788345612931668,0.770373965383196,0.0340290360421742
0.230081416950121,0.0778990264644644,0.219777935133387,0.109539988728882,0.992651179158192,0.849999999651307,1,0.750808368697031,0.756272678169549,0.00150343919297757
0.0742100072602908,0.118061468724333,0.0635200488987318,0.103077442515147,0.991774356035595,1,0.401159168354764,1.11574022092676,1.38754908980192,0.00150343919297757
0.0282095968057283,0.112096063143632,0.0497396904565667,0.145241228427978,0.989013057369407,1,0.900000050014049,0.832975961480564,0.788325728576601,0.00316740411966996
0.110776270452926,0.150941729713877,0.130216553156655,0.0690125661414462,0.997504696722314,1,0.164337557638919,0.670320046035639,0.718302673952474,0.00374495301378989
0.00193289437652022,0.000285800771212943,0.107888038875433,0.0214259920583297,0.997723334992356,0.281867543062261,0.225348712525683,0.831887813672939,1.38085602723856,0.13409992658758
0.19656020553845,0.187095897066937,0.246230627569668,0.0824010122455299,0.994579153920542,1,0.102501661775532,1.40136669937293,1.35005239078682,0.00150343919297757
4.53978687024344e-05,0.10473990956825,4.53978687024344e-05,0.00320404340687806,0.997747469207462,0.950000005381221,0.595471579629087,0.744581780347729,0.993910246070579,0.00150343919297757
0.055901844168687,0.115384911916705,0.0748651067960784,0.118525228499473,0.994189396660759,0.929218330379586,0.470779931342898,1.05638637996111,1.10550544988494,0.00150343919297757
0.0158610886302842,0.0603590140151099,0.0227087208811241,0.0824801883822949,0.995131182227369,0.99999999999995,0.999999999999995,0.809754732349606,1.15377869781845,0.00150343919299517
0.0921120441289318,0.0704854908267729,0.0764370051237762,0.0777103767456047,0.994904321967937,0.999999945410934,0.1,0.797204526875908,0.882684421288061,0.0081470193058389
0.00193289437652022,0.000285800771212943,0.107888038875433,0.0214259920583297,0.997723334992356,0.281867543062261,0.225348712525683,0.831887813672939,1.38085602723856,0.13409992658758
0.0578440836003362,0.0312003680237173,0.00884713071422538,0.209456911632017,0.994177788479273,1,0.600000126098107,0.981928329494317,0.984012194703813,0.00150343919297757
0.130318368819174,0.127380086855467,0.121352180598297,0.237247603826359,0.99571337882789,0.953854111346296,0.246145886048373,0.771191050884571,0.869157195842033,0.00150343919297757
0.24706278107165,0.251083443630102,0.268941421369995,0.187744519977635,0.996330737140263,0.949989665327697,0.250010403373308,1.01979387967128,1.01926853248693,0.00150343919297757
0.14568434810942,0.221812337467486,0.190274076754808,0.081848617772489,0.993744236346888,1,0.155030522680271,0.682619755715966,0.727121961670116,0.00150343919297757
0.188373512547183,0.0048115716457314,0.0893088219956164,0.268941421369995,0.989850148307043,1,0.499916982398278,1.49182469764127,1.49182469764127,0.00150343919297757
0.065589278570716,0.190356241991697,0.211553953157701,0.0374227165624535,0.997566954369171,0.994881948873786,0.1,0.944417271194031,0.912153855886001,0.00150343919297757
0.00193289437652022,0.000285800771212943,0.107888038875433,0.0214259920583297,0.997723334992356,0.281867543062261,0.225348712525683,0.831887813672939,1.38085602723856,0.13409992658758
0.0999621034736886,0.253323635494414,0.110265684291959,0.157299171833019,0.989087140067785,1,0.149999991352146,0.729162928605146,0.741762796304346,0.0064700357469365
0.154657717244177,0.268941421369995,0.211352155382033,0.161942014042816,0.990545118922318,0.996060726268477,0.103939231387143,0.699914940876599,0.756579162912057,0.00150343919297757
0.00193289437652022,0.000285800771212943,0.107888038875433,0.0214259920583297,0.997723334992356,0.281867543062261,0.225348712525683,0.831887813672939,1.38085602723856,0.13409992658758
0.199999943048403,0.234157873930039,0.213043909266931,0.122341226119706,0.989790670794403,1,0.100000015692204,0.692797153295628,0.727373158340931,0.00150343919297757
0.152650572408443,0.169707675572689,0.117592482386579,0.249137306401923,0.993468085699588,1,0.199999941861551,1.22379917484274,1.23203908391873,0.00150343919297757
0.0738037870350564,0.0721443766952303,0.0827813317694526,0.0627602383107052,0.994739962158555,0.899999712148821,0.800000269288617,0.74207073947546,0.795256210572781,0.00150343919297757
0.0447401034033574,0.10691398279453,0.0411115171964514,0.0975913287689115,0.990851584000143,1,0.656806925855495,0.670320046035639,0.933185357374175,0.00150343919297757
0.031472629812122,0.0739062810878194,0.00255747397375923,0.238979060433329,0.99995460202459,0.999999999998716,0.999999999999213,0.972601105138227,1.14825736588418,0.00202014047194099
0.074697992005138,0.268941421369995,0.132975045755045,0.081890179807547,0.996451003273516,0.999999949991499,0.100000146140199,0.702127835477159,0.742205102812806,0.00603583487087419
0.0803784143103629,0.160684677838625,0.104736883222355,0.0770587102302497,0.994912154303603,1,0.998985467168393,0.840396076891275,0.898709967706947,0.00150343919297757
0.0364692506329459,0.0346835664149123,0.0610663554663939,0.00954583872168877,0.999954602131298,0.334618792524132,1,1.0789118492379,1.02591482005756,0.00435128535116978
0.225886845127433,0.134542016611778,0.196074041803227,0.169988768335492,0.992760008137665,0.900000005126358,0.1,0.895235480017896,0.912026510397317,0.00150343919297757
0.0201064296110013,0.0956724602277212,4.54583381314123e-05,0.268941421369995,0.999954602131298,1,0.887261296567722,0.817280529647347,1.08203032983482,0.00572939140189539
0.188471464662427,0.264694843399336,0.210405699140263,0.253997472130903,0.989091971538882,1,0.500000056244745,0.693873366775056,0.684382117891823,0.00150343919297757
0.0284273407894067,0.0252216570129816,0.0121766556389534,0.114871936868851,0.996976875478802,0.849999893170528,0.722806829806683,1.06431686168081,1.17675296306901,0.00150343919297757
0.0339091232452988,0.088909794696027,0.0460152872556474,0.0639608008577257,0.998289798054056,0.994350273278908,0.305649215660439,0.936779922697642,0.914536312134481,0.00951855067428788
0.0424930929101809,0.105407865714576,0.0180631077404941,0.206161224729152,0.994454088809553,1,0.791297061240513,0.803909904702146,1.01251737779999,0.00150343919297757
0.00193289437652022,0.000285800771212943,0.107888038875433,0.0214259920583297,0.997723334992356,0.281867543062261,0.225348712525683,0.831887813672939,1.38085602723856,0.13409992658758
0.105038402624553,0.150798695891821,0.126539847419133,0.102253522579403,0.994798414142927,0.900000021977011,0.350203064270951,0.740416405105563,0.839725824885378,0.00150343919297757
0.074393202961016,0.0766569143784603,0.0727189570446218,0.112853386572441,0.992359771968453,1,0.200023009257556,0.697555331105975,0.733015517209236,0.0096992803358977
0.0101103727855734,0.126051359187592,0.0371262864722949,0.0134552828105795,0.999954602131298,0.991533345497881,1,0.670320046035639,0.879199419165845,0.00523747828964514
0.0205773092185385,0.107599601881579,0.0361963850238226,0.0879281706158534,0.997862678045624,1,0.19999992179024,0.770561650334229,1.0408888551861,0.0224716112901683
0.0122725434298035,0.0883374570285615,0.0404888470201148,0.0316424989168553,0.997911001667516,0.999999999996401,0.999999999996487,1.30045957654286,1.29716618820264,0.00735841258773538
0.0515730074957728,0.0915072446328112,0.0613303728047888,0.0551636084969723,0.996172156118496,0.779646448877421,0.23835502187219,1.08711375541605,1.25806969852551,0.00261983578129111
0.0551539691406183,0.0905322886266756,0.0352995902589058,0.15207276536944,0.996874764007406,0.917235423718176,0.382764544817797,0.805283348009942,0.702029992770312,0.00150343919297757
0.115884530521162,0.160973650512646,0.1158374407585,0.116939193546595,0.998003703130187,0.95000033320146,0.39998995284673,0.87904759065842,0.923255744354757,0.00150343919297757
0.0367169843125238,0.0460860420269171,0.00794132611258481,0.177189182867155,0.995742799543235,0.900000104811683,0.6000075872841,0.942523663953001,0.937510355591891,0.00150343919297757
0.00793318522306394,0.0900244280992408,0.0124144819163861,0.0487178395223454,0.999954602131298,1,0.998952147071466,0.744998683103333,0.670320046035639,0.0192649031421185
0.0762363960478418,0.153813438005344,0.0799722591951868,0.191953873631848,0.994189051601705,1,0.649999996436556,0.670320046035639,0.7126261984272,0.00150343919297757
0.149509082041363,0.211950755232916,0.193047171323421,0.138691015819007,0.99151007511119,0.949999987269752,0.150000088018023,1.19066986630253,1.24504675379409,0.00150343919297757
0.0807049977588053,0.0809060780287943,0.0826305017777937,0.082035846862214,0.995061847849684,0.899999967895189,0.70000003932301,0.786037189473641,0.788057055183291,0.00150343919297757
0.0919260801755209,0.059972227728643,0.0949150936470489,0.0792365288997493,0.991844047079648,0.97833951095273,0.221660466390494,0.670977902174003,0.757412669833647,0.00220643016294041
0.114612352604614,0.119621286976768,0.140537182362044,0.0759142605365421,0.994831311101401,0.972731756727887,0.126926421032462,0.806935094854713,0.780424911295803,0.00150343919297757
0.0296082486330819,0.0797964748969817,0.0383481162054938,0.0478826727356492,0.998560042264136,1,0.358803562374505,0.762441579420637,0.85766474354833,0.0104599567212647
0.0441831297155762,0.0592317303783074,0.03976613895958,0.108797583917115,0.994308837057014,1,0.899999902250916,1.00564938661593,0.98126405791734,0.00150343919297757
0.00193289437652022,0.000285800771212943,0.107888038875433,0.0214259920583297,0.997723334992356,0.281867543062261,0.225348712525683,0.831887813672939,1.38085602723856,0.13409992658758
0.0111535133155735,0.0741562108924885,0.035173307214353,0.0148135205303275,0.998630742055657,1,0.998462304730445,0.670320046035639,0.79470164001901,0.00150343919297757
0.174472898454501,0.182768092231498,0.238686884916206,0.0659648097392568,0.995802196532419,0.799999998561704,0.1,0.699374703113783,0.747522856869428,0.00150343919297757
0.0829501551936738,0.0794947476679469,0.0727264645193137,0.125894928440174,0.994920183892416,1,0.700000133980626,1.16514936217246,1.25351979218507,0.00150343919297757
0.0738240695540745,0.0635656265198406,0.0928638854813524,0.0741088669821089,0.995898876686772,0.799999990554259,0.950000094163607,1.22755008398279,1.34817349641284,0.00150343919297757
0.0296627473189684,0.0418348174880715,0.00702124714522401,0.172789125039411,0.994045777842758,1,0.999945819079803,1.49182469764127,1.29455192038144,0.00150343919297757
0.111735631519761,0.12666278756582,0.120480070564377,0.0911994993035693,0.995388758135326,1,0.900000301910235,0.718935189585794,0.762309261215665,0.00150343919297757
0.00193289437652022,0.000285800771212943,0.107888038875433,0.0214259920583297,0.997723334992356,0.281867543062261,0.225348712525683,0.831887813672939,1.38085602723856,0.13409992658758
0.167951441512172,0.256330922843089,0.176183253682426,0.268941421369995,0.989013057369407,0.882029484785385,0.217970495750075,1.18101748179283,1.19866354603075,0.00540009909021411
0.00193289437652022,0.000285800771212943,0.107888038875433,0.0214259920583297,0.997723334992356,0.281867543062261,0.225348712525683,0.831887813672939,1.38085602723856,0.13409992658758
0.18507410104069,0.190247180251439,0.230994422966304,0.0858622998004723,0.99643391102142,1,0.600000021071638,0.671113501724331,0.699748896925851,0.00150343919297757
0.0765868468883509,0.226668247111908,0.150191384865466,0.0309838294414716,0.998063909667359,1,0.149999950381703,0.670320046035639,0.815601311475747,0.00328191784638231
0.00193289437652022,0.000285800771212943,0.107888038875433,0.0214259920583297,0.997723334992356,0.281867543062261,0.225348712525683,0.831887813672939,1.38085602723856,0.13409992658758
0.00547689998079011,0.10586530079791,0.00271874782700357,0.247566150457786,0.997998181198553,1,0.549999930880645,0.774273163956443,1.09324514969474,0.00150343919297757
0.0949758063855263,0.101217803379513,0.0635294231443255,0.178364299954139,0.995642220277772,1,0.138204593810522,0.670320046035639,0.852045411970696,0.00150343919297757
0.044486002891179,0.068296816040548,0.0437455070546325,0.118081032109633,0.996921998948778,0.949999846316002,0.600000249829178,0.855446968278445,0.924957243160504,0.00150343919297757
0.0911172506287173,0.221319278881309,0.127495722588838,0.105214727024091,0.994557582037693,0.991295842659822,0.558703759290469,0.670320046035639,0.74516050941419,0.00150343919297757
0.080641992103952,0.128793618061434,0.0849507652519605,0.1422289502657,0.996465624605302,0.599999989690292,0.450000018066993,1.05752269795925,1.0589448736628,0.00150343919297757
0.0216455887811154,0.074372366981708,0.0257545143315543,0.0518304227165613,0.995297461571221,0.99306277625698,0.731526005102049,1.1496713447982,1.11883091646328,0.0017070498258532
0.0355505091559248,0.102755164840298,0.0385566909787067,0.134507859310851,0.990629742771129,1,0.700001150575162,0.972153051763544,1.12750213491706,0.00150343919297757
0.0427974232629982,0.124079046033771,0.0744367315139809,0.0586941463123301,0.998254426100322,0.350000132666686,0.899999995954478,1.17389770475506,1.20571573896188,0.00150343919297757
0.0510067621257095,0.0566838312918955,0.0552323829788966,0.0606008552911832,0.993362097471233,0.583288981191078,0.616710983821658,0.851468964239511,0.816745936842934,0.00150343919297757
0.0222793084025259,0.0574817850769293,0.0271218816119148,0.0517494290978331,0.995830596518848,1,0.997651824190158,0.670320046035639,0.7693427484404,0.00150343919297757
0.0152154437767245,0.0654212746764787,0.0320805638338069,0.0208456384683342,0.999954602131298,1,0.998351015967364,0.826641825433493,0.824855273716344,0.00926553420480895
0.0642158388909189,0.19092497399433,0.0991529710726997,0.12042949865088,0.994417956959969,1,0.399999991863744,0.722276465852147,0.83970150393667,0.00150343919297757
0.0392104086353711,0.144638700050481,0.0535903354174705,0.0936489123988959,0.990582541311754,1,0.363558414692893,0.892172083156055,0.880017423196976,0.00150343919297757
0.0225135737224337,0.0825556740998369,0.0312583814524493,0.059178321529545,0.995703931536362,1,1,0.848102662643283,0.83126014558369,0.00150343919297757
0.0774148232032564,0.0376030757982766,0.0533447007005496,0.0907992422425083,0.991865284293474,1,0.996265079733123,0.837029952971476,0.739982640843093,0.00150343919297757
0.0731950045812833,0.119746258613071,0.103462685871017,0.101633113888499,0.993405775920989,0.999999934149234,0.1,0.789355985460725,0.725954286133347,0.00854359165255127
0.114153375124128,0.168098469509019,0.11465362816835,0.177801262669685,0.995214430450527,0.949999950662341,0.299999996994254,0.960609780321323,1.03512720737792,0.00150343919297757
0.00193289437652022,0.000285800771212943,0.107888038875433,0.0214259920583297,0.997723334992356,0.281867543062261,0.225348712525683,0.831887813672939,1.38085602723856,0.13409992658758
0.132796636098892,0.220045006455149,0.198079031827883,0.119087516474225,0.993973136362884,1,0.499999948427034,0.807891720970067,0.810975424858704,0.00150343919297757
0.0364708268925962,0.129660424742268,0.0208381129115071,0.228870454778822,0.989241253369219,0.949999938199161,0.350000149079001,0.936760976424753,0.988148316723988,0.00150343919297757
0.0384853200670577,0.151698436330572,0.0218287048323644,0.268941421369995,0.990836134251822,0.900000091531064,0.849999884863287,0.754608999771303,0.79010846737854,0.00150343919297757
0.17885493880773,0.150226869614801,0.161834213361947,0.0728078836410745,0.989381972940816,1,0.121151313009729,0.824873213313342,0.869926406266775,0.0021189571183373
0.0244761083337628,0.0780129791789965,0.000190224031267154,0.063486136556502,0.999954602131298,0.564390321217986,1,0.670320046035639,1.49182469764127,0.0277426283327922
0.17120208881581,0.240566853774796,0.253515307281642,0.139727553980644,0.992309613733223,1,0.2499999513275,0.726449942371485,0.762597397198759,0.00150343919297757
0.077079215441537,0.127401945167768,0.0608075143501628,0.182822493722659,0.993940091731622,0.750000402548982,0.599999009512713,0.983066733025556,1.00579141043958,0.00150343919297757
0.0748737611894098,0.107380758697124,0.102732027507811,0.0314103611023402,0.997694086838186,0.885534685522865,0.1,0.726976933986126,0.836824497929867,0.00339818907791226
0.0719036705897577,0.0362251681662248,0.0326204234425463,0.102184083371476,0.999954384124855,1,0.59999926770177,0.670320046035639,0.670320046035639,0.0281609022794234
0.0929818863893591,0.0396705325448006,0.0434444109958488,0.222714867081006,0.994145592966579,1,0.699999986645723,0.726511040118266,0.763325161512366,0.00150343919297757
