0.033596119544797,0.191305558950866,0.0262766104701435,0.182676575264967,0.996882471077232,1,0.950000242890884,1.45090429438587,1.03641662398995,0.00150343919297757
0.0369896836983467,0.175778416841113,0.111574827410656,0.00845536141404896,0.999954602131298,1,0.99752019426138,0.848160708439845,0.837040615830824,0.00214841371640137
0.209431356600882,0.231452042405977,0.268941421369995,0.0660777530405142,0.999917874703664,1,0.451625791747097,1.3982919133627,1.29171628974326,0.0127975112524468
0.00193289437652022,0.000285800771212943,0.107888038875433,0.0214259920583297,0.997723334992356,0.281867543062261,0.225348712525683,0.831887813672939,1.38085602723856,0.13409992658758
0.0422368676938472,0.210447845034394,0.0664133477711786,0.114361014557497,0.998582342165637,1,0.1,1.08900487416711,1.09036649155217,0.00230540625704799
0.0206006761798036,0.129262448644724,0.0159805857485326,0.217835970159508,0.997539334109768,1,0.650000004158287,0.967111261041116,0.932676711035128,0.00150343919297757
0.00193289437652022,0.000285800771212943,0.107888038875433,0.0214259920583297,0.997723334992356,0.281867543062261,0.225348712525683,0.831887813672939,1.38085602723856,0.13409992658758
0.0175613203159028,0.121642899616418,0.00911608344610492,0.225046920818453,0.994362299113361,1,0.478365190946053,1.21846305677416,1.04610902147319,0.00150343919297757
0.0145444169072521,0.181918939533995,0.010361756838164,0.268941421369995,0.993700290565462,1,0.466366487928436,1.30836307654637,1.05412862659959,0.00150343919297757
0.0344820262403857,0.268941421369995,0.137059219153613,0.0347661351292173,0.995829566708281,1,0.299999829424198,1.46282998903179,1.35060520688011,0.00211522056510674
0.0523710224010495,0.181304200186797,0.1120646366954,0.0681140704256495,0.99625712553109,0.990402182264422,0.459597835171379,1.09085553204404,1.20268775468763,0.00150343919297757
0.00193289437652022,0.000285800771212943,0.107888038875433,0.0214259920583297,0.997723334992356,0.281867543062261,0.225348712525683,0.831887813672939,1.38085602723856,0.13409992658758
0.0454088648900233,0.268941421369995,0.132895110414783,0.118032932675308,0.999283517734085,0.998452669150623,0.101539871693666,0.939567833550159,0.96215521529171,0.00150343919297757
0.140419635400736,0.26643028070678,0.262338314913703,0.0144567255389088,0.999954602131298,1,0.999834670031531,1.02555900580675,0.94132757907265,0.00375562040278246
0.00193289437652022,0.000285800771212943,0.107888038875433,0.0214259920583297,0.997723334992356,0.281867543062261,0.225348712525683,0.831887813672939,1.38085602723856,0.13409992658758
0.0168272435487975,0.140429534703942,0.0552630883902709,0.0260180361508569,0.998126151323769,1,0.999935644431145,1.37906032003401,1.05586825883676,0.00284173648048221
0.0625400284628564,0.236920373472427,0.0849538652863344,0.152935811386259,0.998473485119103,1,0.161632948759023,1.05120030140053,1.12047563037931,0.00150343919297757
0.0990337463659964,0.268941421369995,0.201159183050521,0.0731191202976364,0.99374479078114,1,0.349999977277249,0.833779935946562,0.779957507966098,0.00150343919297757
0.0126663001496567,0.0818607804328315,0.0165683211412128,0.0830649610062957,0.999185557083625,1,0.542507829277315,1.12685895137688,1.25782701441375,0.0215968139148945
0.268941421369995,0.0470221385188466,0.217156057272931,0.0227543722934403,0.999954602131298,0.210134662317989,1,0.889087985519612,0.988663971345613,0.00677189948716346
0.00521759378160502,0.109071519679913,0.0452253858114775,0.0564933280200201,0.997249836867811,0.517450485787107,0.235580667830627,1.00168084145247,0.915382784170113,0.00603911082597999
0.0837128393402791,0.246165631128075,0.130050538495934,0.138091657674696,0.997126792106792,1,0.449999869242012,1.23664734241613,1.26302806950038,0.00150343919297757
0.00193289437652022,0.000285800771212943,0.107888038875433,0.0214259920583297,0.997723334992356,0.281867543062261,0.225348712525683,0.831887813672939,1.38085602723856,0.13409992658758
0.00193289437652022,0.000285800771212943,0.107888038875433,0.0214259920583297,0.997723334992356,0.281867543062261,0.225348712525683,0.831887813672939,1.38085602723856,0.13409992658758
0.00193289437652022,0.000285800771212943,0.107888038875433,0.0214259920583297,0.997723334992356,0.281867543062261,0.225348712525683,0.831887813672939,1.38085602723856,0.13409992658758
0.0745205347487311,0.268941421369995,0.10436145422617,0.207055806012021,0.996685395102335,1,0.300000447853246,1.0888513400819,1.10212302836309,0.00150343919297757
0.00193289437652022,0.000285800771212943,0.107888038875433,0.0214259920583297,0.997723334992356,0.281867543062261,0.225348712525683,0.831887813672939,1.38085602723856,0.13409992658758
0.00193289437652022,0.000285800771212943,0.107888038875433,0.0214259920583297,0.997723334992356,0.281867543062261,0.225348712525683,0.831887813672939,1.38085602723856,0.13409992658758
0.0785008512892177,0.26247157741119,0.193052842959155,0.0339856333962761,0.997212810181402,1,0.699999939960542,1.49182469764127,1.46668202149603,0.00150343919297757
0.0344160878548623,0.231778775080884,0.0467326012474522,0.202301441748284,0.995086080209935,1,0.249842836381279,1.15999989485569,0.999824516494637,0.00150343919297757
0.0184155346348744,0.268941421369995,0.033142613855188,0.0563536163829824,0.989606481482549,1,0.727729167489542,0.808725765121338,0.670320046035639,0.00150343919297757
0.0162657679879615,0.209237313219281,0.012385742546385,0.179859344550441,0.99349896585064,1,0.599999989680293,1.33481131286283,1.01687281588493,0.00150343919297757
0.0326190604303786,0.182460084952369,0.106123691911449,0.0240455730662357,0.998304391038969,1,0.749987684144554,1.49036004784634,1.42924377615303,0.00150343919297757
0.0878272014512208,0.268941250283878,0.162384990054721,0.0812538971559356,0.996026560020767,1,0.100000264300654,0.889538287986131,0.818818398359912,0.00150345193547452
0.0855710231788457,0.143193022763462,0.0832439250070897,0.138701284120299,0.993995461453474,1,0.450000004386674,0.915803713743259,0.962068585848306,0.00150343919297757
0.0970002951434788,0.268941421369995,0.207702125203171,0.0385756149141922,0.999954602131298,1,0.699999565602577,0.890987889079157,0.845328674026241,0.00675160995790256
0.110250857484718,0.0152078264082347,0.0492930848690644,0.130395817530607,0.996308803483743,1,0.900000197718924,1.2206964480239,1.30348665432494,0.00777897061274283
0.00193289437652022,0.000285800771212943,0.107888038875433,0.0214259920583297,0.997723334992356,0.281867543062261,0.225348712525683,0.831887813672939,1.38085602723856,0.13409992658758
0.0578535386421192,0.0489948501079345,0.0177094857717389,0.0513556489920477,0.993471335240414,1,0.74999984305709,1.31332863781076,1.49182469764127,0.00782774107532359
0.0859767061772899,0.268941421369995,0.0996075437022449,0.226844752619975,0.991979959318321,1,0.377034405779548,0.981416410858708,0.983230677055125,0.00150343919297757
0.0128163357971995,0.268595378845366,0.0263724559375755,0.17429829910885,0.989289776279652,1,0.549999400212238,1.29511453062526,1.01283352588018,0.00150343919297757
0.0114584100906864,0.0858159655571302,0.00363937141637487,0.193424803083322,0.998453751697992,0.999999999999943,0.99999999999996,0.87911487743933,1.05028551779802,0.00150344056181929
0.0104988172383627,0.104394896411712,0.033387938594064,0.0616124600883341,0.993578324389201,1,0.813086029209411,0.885509208219655,0.938974561436184,0.00210977014635279
0.00902493431286485,0.144732781112414,0.0527514484579169,0.0891712951802344,0.992149127504599,1,0.373459954444499,0.895678011649157,0.869812867320959,0.00741216708663323
0.0495248668807033,0.25607062719633,0.0681489199044539,0.226833970620233,0.996657269930277,1,0.450905001536889,0.932489082478019,0.968909708942014,0.00352918221107931
0.00193289437652022,0.000285800771212943,0.107888038875433,0.0214259920583297,0.997723334992356,0.281867543062261,0.225348712525683,0.831887813672939,1.38085602723856,0.13409992658758
0.016580989726977,0.0387001953992891,0.00110553209890654,0.118128031392054,0.989013063131168,0.999999999999942,0.999999999970475,1.29062279681678,0.933596625691865,0.00150343926555986
0.0103834681569259,0.129446746730794,0.00226504938851194,0.23494510077658,0.99832504409663,1,0.549999842512155,1.14437706646998,1.0769268162116,0.00150343919297757
0.0190582058621135,0.191743649415376,0.00636564059560599,0.268941421369995,0.997669926806895,1,0.399999196496037,1.15144941879291,0.94321282119642,0.0041943554533152
0.0291792141468218,0.210111478737522,0.0648718484030481,0.0793241077774705,0.998604372985264,0.749999934029357,0.75000005286104,1.02375692518026,0.951801992543324,0.00150343919297757
0.0138670849821003,0.268941421369995,0.105978040981643,0.0401470231672621,0.999954602131298,1,0.499962776751674,0.961179420854293,0.794518746137475,0.00829244666418184
0.00193289437652022,0.000285800771212943,0.107888038875433,0.0214259920583297,0.997723334992356,0.281867543062261,0.225348712525683,0.831887813672939,1.38085602723856,0.13409992658758
0.0204891061317768,0.197333322552838,0.0317174516619738,0.151413111955191,0.995877642252073,1,0.950000018152049,1.32459534332368,1.01516520661265,0.00150343919297757
0.00193289437652022,0.000285800771212943,0.107888038875433,0.0214259920583297,0.997723334992356,0.281867543062261,0.225348712525683,0.831887813672939,1.38085602723856,0.13409992658758
0.0177718449968723,0.0638354107995387,0.0280843483888108,0.0567258202543899,0.997411173453914,1,0.999488055984787,1.49182469764127,1.45189771148576,0.00150343919297757
0.091385899733982,0.212486421731484,0.148163858798232,0.121939435778493,0.994127164025538,1,0.500000017664698,1.48605453758068,1.39375279134385,0.00150343919297757
0.0121231025789374,0.113941252016534,0.0156045996313093,0.169819299717771,0.991918496344654,1,0.467445279773622,1.2515012898659,0.977639267432355,0.00150343919297757
0.00193289437652022,0.000285800771212943,0.107888038875433,0.0214259920583297,0.997723334992356,0.281867543062261,0.225348712525683,0.831887813672939,1.38085602723856,0.13409992658758
0.00193289437652022,0.000285800771212943,0.107888038875433,0.0214259920583297,0.997723334992356,0.281867543062261,0.225348712525683,0.831887813672939,1.38085602723856,0.13409992658758
0.0584944113537214,0.268941421369995,0.0958071882234223,0.212679481812196,0.996014971211386,1,0.699999619461704,0.988587224703772,0.950450078081055,0.00150343919297757
0.137861990266956,0.268302298158393,0.252201501673279,0.061561867527387,0.997746127373212,1,0.1,1.49182469764127,1.49085102855981,0.00262770218805993
0.0963421108394524,0.251995989951684,0.205604570979347,0.0374022210345503,0.998539312258977,1,0.1,1.49182469764127,1.31996557330316,0.00150343919297757
0.00193289437652022,0.000285800771212943,0.107888038875433,0.0214259920583297,0.997723334992356,0.281867543062261,0.225348712525683,0.831887813672939,1.38085602723856,0.13409992658758
0.0310766675341475,0.268428687632332,0.0712075563835172,0.115897379788444,0.994939086001045,1,0.54999999879987,1.47368441501088,1.01438877956829,0.00150343919297757
0.0863651482180646,0.114587253211941,0.0566132010214741,0.214287969045911,0.991703054510135,1,0.449999990465789,1.22317444196569,1.07263523211223,0.00150343919297757
0.0295233672526475,0.268941421369995,0.040930962999781,0.0763928167365642,0.996520915699267,1,0.249999947368939,0.921834698632595,0.932957319985394,0.0197707833673303
0.0173546884116285,0.0503827328575058,0.0177141060887023,0.07604566749141,0.999954602131298,0.981393144586002,0.468606371454357,0.986664227071273,1.05171763648178,0.0209393295713201
0.114352858687062,0.268941421369995,0.174492461803867,0.0642032442631585,0.999954602131298,1,0.500000431753358,0.756978301770195,0.670320046035639,0.01281853889299
0.0494524372607864,0.265347826798455,0.0966376052903973,0.0285373375970496,0.998329364005517,1,0.349999605255495,1.49182469764127,1.49182466970748,0.00150343919297757
0.103123294332994,0.268941421369995,0.147656448085237,0.0872516751105681,0.994129629631482,1,0.400000025525473,0.670320046035639,0.729940859824144,0.00150343919297757
0.0403755068969513,0.268941421369995,0.139142449844956,0.130004877466482,0.995994232046272,1,0.299999957606679,1.11408291656023,1.07698523770624,0.00150343919297757
0.0732315625445819,0.237968425529818,0.128338982288098,0.196555546691118,0.996848501759058,1,0.349999961225666,1.13433560068385,1.01101911245832,0.00150343919297757
0.198027761877332,0.128114495244355,0.171323507859249,0.137750165940618,0.994195877631279,1,0.349998032989412,1.2793916510754,1.18216009407501,0.00150343919297757
0.0384216090577586,0.154477997655303,0.055682318597614,0.0477565939160008,0.998169535215552,1,0.250004919753669,1.2907580615599,0.957808525033476,0.00591667109263888
0.00193289437652022,0.000285800771212943,0.107888038875433,0.0214259920583297,0.997723334992356,0.281867543062261,0.225348712525683,0.831887813672939,1.38085602723856,0.13409992658758
0.031637063509934,0.0574866138162508,0.0115117684398515,0.106837501564007,0.994850162619596,0.849999992527542,0.699999937232371,1.19407518700306,0.94013079063101,0.00150343919297757
0.0584841541093461,0.127577640247321,0.0521064889193651,0.180744705821969,0.996282379738463,1,0.250889618943694,0.946291926736264,0.986098532695007,0.00150343919297757
0.0874139183298005,0.251993942870262,0.159517921075193,0.143719636547422,0.996729476343492,1,0.20000000054942,1.01190179965019,0.921029570208053,0.00150343919297757
0.0444970804596687,0.263272884783287,0.0731627788462522,0.100881279089987,0.994163480815412,1,0.949999958243834,1.48192840579507,1.02795211424376,0.00150343919297757
0.00193289437652022,0.000285800771212943,0.107888038875433,0.0214259920583297,0.997723334992356,0.281867543062261,0.225348712525683,0.831887813672939,1.38085602723856,0.13409992658758
0.0631311795243705,0.236750075482078,0.0177570219403684,0.232819557613747,0.990484818818489,1,0.550000029001752,0.983829492387793,1.03428281977961,0.00150343919297757
0.0192691489843649,0.232452851128872,0.0209129536136486,0.187620006345343,0.990367132315119,1,0.649999975385514,1.18820763129143,1.02876885682903,0.00150343919297757
0.0293126739571436,0.122000448830509,0.0215291570187013,0.184057741533453,0.997835741288482,0.950000051949101,0.799999871647139,1.13559384092225,1.0700147327359,0.00150343919297757
0.00193289437652022,0.000285800771212943,0.107888038875433,0.0214259920583297,0.997723334992356,0.281867543062261,0.225348712525683,0.831887813672939,1.38085602723856,0.13409992658758
0.002250902294639,0.23358832106329,0.0134057497968856,0.204921198719097,0.992988437317733,1,0.527672337671581,1.01835080707294,0.942126709041634,0.00150343919297757
0.00193289437652022,0.000285800771212943,0.107888038875433,0.0214259920583297,0.997723334992356,0.281867543062261,0.225348712525683,0.831887813672939,1.38085602723856,0.13409992658758
0.0495855053681787,0.241653563568863,0.0841890784978997,0.0934986727205739,0.997413536105315,1,0.549999987444666,0.97203971388766,0.969786849537241,0.00150343919297757
0.154223383494065,0.268704880957051,0.181605577820748,0.120984243102276,0.997707850141301,1,0.299999952566721,1.04180957649677,1.02334953124841,0.00150343919297757
0.0718665270742514,0.169159300694756,0.127624484172282,0.0546165203019429,0.996064240739077,1,0.699999171600576,1.49182469764127,1.49182469764127,0.00150343919297757
0.0775245466506787,0.136084811522774,0.0987057574908325,0.166331623699012,0.993979550239641,1,0.400000002282116,0.921628291294945,0.936307730560633,0.00150343919297757
0.0360123909102635,0.201671367718599,0.100878329844697,0.0489942094547354,0.998818165601018,0.999999938054529,0.100000237090842,0.881918471983189,0.855276802293267,0.00432206398900779
0.0239258857523747,0.0822342669027327,0.00838385463065406,0.146075267714945,0.997844222430678,0.900000230439687,0.85156779713155,1.18852319303398,1.2514456180306,0.00150343919297757
0.0410324461430896,0.132636311679609,0.0604865631007074,0.0630918485755984,0.99818778848612,0.80000019369974,0.749999713681536,1.17855887341288,1.10629471118151,0.00150343919297757
0.0887394881131882,0.268941421369995,0.166087650085351,0.0438988175846465,0.997668424432295,1,0.550001124336683,0.725929075211926,0.670320046035639,0.00150343919297757
0.0339995963406958,0.122446655091277,0.0567195988088014,0.0848711902271547,0.994968039790643,0.749999998015382,0.699999940436153,1.29326320169028,1.11132333417159,0.00150343919297757
0.00193289437652022,0.000285800771212943,0.107888038875433,0.0214259920583297,0.997723334992356,0.281867543062261,0.225348712525683,0.831887813672939,1.38085602723856,0.13409992658758
0.0420362104703964,0.158902971768232,0.0599239502091334,0.0820873375397619,0.991313072010055,1,0.299999074366605,1.02967304444446,1.13487854637403,0.00150343919297757
0.039038468948753,0.149541689838709,0.0408531014693604,0.123673507000661,0.992080580877642,1,0.399999983570029,1.17560047399283,0.98982298158007,0.00150343919297757
0.0678507640718067,0.171122201338408,0.085405119794824,0.123408655693658,0.992860985766752,1,0.499999991929506,0.872452209272788,0.88503635247736,0.00150343919297757
0.0324021833834091,0.156102757917953,0.0883573066745594,0.0469724737698662,0.994939553277261,1,0.39999998444888,0.85349455123449,0.681398339522539,0.00211843371380622
0.00193289437652022,0.000285800771212943,0.107888038875433,0.0214259920583297,0.997723334992356,0.281867543062261,0.225348712525683,0.831887813672939,1.38085602723856,0.13409992658758
0.00193289437652022,0.000285800771212943,0.107888038875433,0.0214259920583297,0.997723334992356,0.281867543062261,0.225348712525683,0.831887813672939,1.38085602723856,0.13409992658758
0.00589013783301803,0.201736603850305,4.5397868882117e-05,0.144111291285882,0.999954595829824,0.99999999998791,0.999999999950237,1.41523353223505,0.895996264603166,0.0107151620789547
0.100877595422217,0.189360789087591,0.154037000589872,0.0596621162147313,0.995938177712256,1,0.1,1.20770969691631,1.18751024732022,0.00245729496468685
0.00193289437652022,0.000285800771212943,0.107888038875433,0.0214259920583297,0.997723334992356,0.281867543062261,0.225348712525683,0.831887813672939,1.38085602723856,0.13409992658758
0.00193289437652022,0.000285800771212943,0.107888038875433,0.0214259920583297,0.997723334992356,0.281867543062261,0.225348712525683,0.831887813672939,1.38085602723856,0.13409992658758
0.00193289437652022,0.000285800771212943,0.107888038875433,0.0214259920583297,0.997723334992356,0.281867543062261,0.225348712525683,0.831887813672939,1.38085602723856,0.13409992658758
0.0292775387541494,0.0425385638080263,0.0547334142672951,0.0908746673299063,0.995025185527136,1,0.900000386593613,0.713339430403085,0.830566930498884,0.00150343919297757
0.00193289437652022,0.000285800771212943,0.107888038875433,0.0214259920583297,0.997723334992356,0.281867543062261,0.225348712525683,0.831887813672939,1.38085602723856,0.13409992658758
0.00193289437652022,0.000285800771212943,0.107888038875433,0.0214259920583297,0.997723334992356,0.281867543062261,0.225348712525683,0.831887813672939,1.38085602723856,0.13409992658758
0.0732546498621213,0.201964111676654,0.152445108853956,0.0419449087388106,0.999954389559109,0.999999999999925,1,0.772451579874465,0.767084399892565,0.00838471563551059
0.0314280026187702,0.118318542936621,0.0695635518166471,0.037494814649121,0.995318887088121,1,0.649999915025852,0.686205284842765,0.821473319173067,0.00150343919297757
0.0557074712012269,0.108656679454243,0.0116247890612862,0.167534236658043,0.993888125075704,1,0.599999945738097,1.11952325768658,1.05764218540467,0.00150343919297757
0.00765058704371455,0.268941421369995,0.10660581865953,0.0547470647721594,0.994253101807324,1,0.349999997188769,0.670320046035639,0.670320046035639,0.00150343919297757
0.00945290297542643,0.140136772456813,0.00562067312649474,0.232250333635951,0.996293820357499,1,0.699998520893108,1.23204161884248,0.918040244744601,0.00150343919297757
0.0127951218273703,0.222665308781025,0.00257886269390776,0.265420559652849,0.998629783239675,1,0.791448120584058,1.04670083919097,1.10610891308132,0.00150343919297757
0.0735114996032571,0.150175214075434,0.0784451341932205,0.134404281892628,0.993662099833279,1,0.499999860945491,1.09739381113759,1.04292291674,0.00150343919297757
0.00193289437652022,0.000285800771212943,0.107888038875433,0.0214259920583297,0.997723334992356,0.281867543062261,0.225348712525683,0.831887813672939,1.38085602723856,0.13409992658758
0.0840385882197072,0.22278585342897,0.0971591632045344,0.16795379952882,0.998673144312123,1,0.100000321801431,0.991822488159735,0.954923779648815,0.00150343919297757
0.0481645691467641,0.121277272713918,0.0418469340442497,0.110779304308224,0.989013057369407,1,0.594981323450016,1.08651541450844,1.03159149159143,0.00150343919297757
0.00193289437652022,0.000285800771212943,0.107888038875433,0.0214259920583297,0.997723334992356,0.281867543062261,0.225348712525683,0.831887813672939,1.38085602723856,0.13409992658758
0.0397164212001215,0.183396805079673,0.103094705182807,0.024780232474801,0.998882408001852,0.830651456883668,0.8193485283367,1.49182469764127,1.33698223606349,0.00150343919297757
0.00193289437652022,0.000285800771212943,0.107888038875433,0.0214259920583297,0.997723334992356,0.281867543062261,0.225348712525683,0.831887813672939,1.38085602723856,0.13409992658758
0.0784070403964201,0.268941421369995,0.12356809266943,0.0665467887277415,0.999954602131298,1,0.14999927532258,1.3054998451366,1.30858147256581,0.0151462560081258
0.0122761713559309,0.234880794246338,0.0181741478895395,0.263478388035824,0.990390134631986,1,0.403560986857478,0.900764264447325,0.936405692450114,0.00150343919297757
0.063760332028895,0.268941421369995,0.0748873063547062,0.256684320609117,0.996196941459208,1,0.449999980400392,1.33365657324213,1.09194106386633,0.00150343919297757
0.00193289437652022,0.000285800771212943,0.107888038875433,0.0214259920583297,0.997723334992356,0.281867543062261,0.225348712525683,0.831887813672939,1.38085602723856,0.13409992658758
0.0266580287728795,0.268941421369995,0.0533511303389954,0.262391250608488,0.993496411053141,1,0.350000100723804,1.03854058952056,1.11746718892457,0.00150343919297757
0.0368104179578894,0.0983581489419931,0.0384250067149588,0.0908953521188864,0.995517884374385,1,0.999474945058365,1.43685350007877,0.882733195967514,0.00150343919297757
0.00193289437652022,0.000285800771212943,0.107888038875433,0.0214259920583297,0.997723334992356,0.281867543062261,0.225348712525683,0.831887813672939,1.38085602723856,0.13409992658758
0.00193289437652022,0.000285800771212943,0.107888038875433,0.0214259920583297,0.997723334992356,0.281867543062261,0.225348712525683,0.831887813672939,1.38085602723856,0.13409992658758
0.0352379731425216,0.15887126738842,0.0863602981550189,0.0158588105558453,0.999954602131298,1,0.70000050631324,1.12616849182676,0.940614795961529,0.00448400983136498
0.0387219506772768,0.13162687882479,0.0472926486404864,0.118423578291652,0.997693926570457,0.900000012180608,0.849999863234833,1.38934741578431,1.16392178497182,0.00150343919297757
0.00193289437652022,0.000285800771212943,0.107888038875433,0.0214259920583297,0.997723334992356,0.281867543062261,0.225348712525683,0.831887813672939,1.38085602723856,0.13409992658758
0.00706477018951827,0.134276270752079,0.0254093405060144,0.0431338678709036,0.999954602131298,0.894846033891016,0.805104740026019,0.761722931233807,0.729351843268798,0.0169364219054156
0.0376516059422681,0.268941421369995,0.104349516467585,0.0938666419289707,0.997203293261524,1,0.49319346671977,1.18114489964077,1.09311192135324,0.00150343919297757
0.0337416813740161,0.0703742770539674,0.0324814469439325,0.0892813483763937,0.991389886751554,1,0.62657221530357,0.909192905047812,1.02013836410873,0.00150343919297757
0.0289181090298108,0.0181391430964282,0.0106441966257002,0.0592503616888678,0.997296323543546,0.999999999996834,0.999999999993791,1.05235355533856,0.856819104671268,0.00690677829889985
0.00193289437652022,0.000285800771212943,0.107888038875433,0.0214259920583297,0.997723334992356,0.281867543062261,0.225348712525683,0.831887813672939,1.38085602723856,0.13409992658758
0.00193289437652022,0.000285800771212943,0.107888038875433,0.0214259920583297,0.997723334992356,0.281867543062261,0.225348712525683,0.831887813672939,1.38085602723856,0.13409992658758
0.0197051548387968,0.242568270363208,0.0679182485755835,0.0240830428906463,0.999954602131298,1,0.699999844016455,0.912015240714185,0.722675940268463,0.00813031009518415
0.00193289437652022,0.000285800771212943,0.107888038875433,0.0214259920583297,0.997723334992356,0.281867543062261,0.225348712525683,0.831887813672939,1.38085602723856,0.13409992658758
0.0405269488013585,0.234418154095896,0.11578862224856,0.0285983131106562,0.998901061916861,1,0.1,1.38704332514856,1.23333346608225,0.00378694661641519
0.131622619422777,0.164224503901066,0.105188572042111,0.268941421369995,0.989013057369407,1,0.200000045046792,1.49182469764127,1.49182469764127,0.0257482199979313
0.0413487520443129,0.175398742350217,0.0701537865496712,0.106522181301324,0.996690411738089,1,0.54999995421237,1.09792055495445,1.04943219810212,0.00150343919297757
0.0194483383332756,0.0988897646633111,0.0310077088623281,0.102309448500615,0.994090188004545,1,0.849999683594591,0.947053717420895,0.899870827780026,0.00150343919297757
0.0309741966948463,0.08138849701507,0.0245368310794483,0.107821610802549,0.997503499300108,1,0.400000059241334,1.25456629955772,1.16423074134958,0.00150343919297757
0.0829198304732388,0.253410718579614,0.116912034313645,0.114888471241233,0.998807439841598,1,0.114039235005002,1.0729725845694,0.912993007529909,0.00150343919297757
0.0110922457360204,0.0358949934991175,0.000707864126040845,0.166658967057317,0.989013057369407,1,0.599999979941628,1.0597515411242,1.01705696819547,0.00150343919297757
0.0209270904663343,0.0852669129651047,0.00968478842764508,0.17834118000173,0.994551550937046,0.900000036028627,0.549999970324607,1.07699514103461,1.08530683020989,0.00150343919297757
0.0707502687538809,0.124683377661412,0.105371735127076,0.0345216155733439,0.998144470542223,0.999875515583352,0.100123973321204,1.14397108165031,1.12392564326392,0.00150343919297757
0.0848345531292853,0.164956170343074,0.101383897602658,0.073644910913092,0.993276018284887,1,0.250000056696945,1.21930950594069,1.46155264835227,0.00497620705999671
0.0332896374242982,0.116995664416214,0.0176129270946311,0.190394277186806,0.991614448370906,1,0.430081461850001,1.2092376092772,1.03444574899589,0.00150343919297757
0.026248929614277,0.14333705483841,0.0436062243883201,0.235762857273032,0.995523873791812,1,0.450000429071571,1.13981275049982,1.06154331342112,0.00150343919297757
0.0176965501680352,0.142038622198235,0.0434150513108996,0.0384341956401869,0.999525866231531,1,0.270980901718701,1.0895099438135,1.20259190376126,0.00298401008688911
0.00193289437652022,0.000285800771212943,0.107888038875433,0.0214259920583297,0.997723334992356,0.281867543062261,0.225348712525683,0.831887813672939,1.38085602723856,0.13409992658758
0.00193289437652022,0.000285800771212943,0.107888038875433,0.0214259920583297,0.997723334992356,0.281867543062261,0.225348712525683,0.831887813672939,1.38085602723856,0.13409992658758
0.00193289437652022,0.000285800771212943,0.107888038875433,0.0214259920583297,0.997723334992356,0.281867543062261,0.225348712525683,0.831887813672939,1.38085602723856,0.13409992658758
0.0393436995534502,0.205579742332352,0.0171381330061434,0.268941421369995,0.990776068217578,1,0.349999961466345,0.970002047210328,0.926097961194254,0.00150343919297757
0.0331156571790948,0.247253419543912,0.0880305608368049,0.0765271175659649,0.992784877687247,1,0.400000103596513,0.938117003936062,0.670320046035639,0.00150343919297757
0.00193289437652022,0.000285800771212943,0.107888038875433,0.0214259920583297,0.997723334992356,0.281867543062261,0.225348712525683,0.831887813672939,1.38085602723856,0.13409992658758
0.012912758603269,0.219904809825182,0.0108903293677286,0.199438420080781,0.994053482808497,1,0.522299470353045,1.41901712479128,1.11571659436793,0.00150343919297757
0.0215737322230253,0.160802398971056,0.0527050904867182,0.124020992481278,0.997493585817315,1,0.599999527813867,0.878611259719397,1.09665635647939,0.00150343919297757
0.0270430512786345,0.246540158841741,0.00971833319836884,0.268941421369995,0.999954602131298,1,0.402342390249634,0.986254697219201,1.07094782118963,0.013628808109563
0.0809243085957479,0.268941421369995,0.175420184525107,0.0157869298239469,0.999923098904439,1,0.299102113408458,1.49182469764127,1.28864375647713,0.0036162165940444
0.00193289437652022,0.000285800771212943,0.107888038875433,0.0214259920583297,0.997723334992356,0.281867543062261,0.225348712525683,0.831887813672939,1.38085602723856,0.13409992658758
0.0345579516609507,0.160232511427064,0.041503613886074,0.0884391023357648,0.998681610599615,1,0.450000042017678,0.880776041167059,0.875359745908521,0.0305914361163399
0.0276922028058225,0.13693792164888,0.0063303665515448,0.184587976014732,0.995850139557093,1,0.899003724802536,1.00912251877052,1.03922795945541,0.00150343919297757
0.0346546689857086,0.227499890848102,0.0736436603142637,0.154406251349893,0.993795615464952,1,0.400000343238999,1.08643201040565,0.958578847346301,0.00150343919297757
0.0284708112178915,0.101443839363961,0.0541383429840767,0.0355072022988314,0.99586608802955,0.99999999999997,0.999999999999981,0.778566216865141,0.782191904316696,0.00150343931402935
0.0747005338034288,0.25333720638121,0.155078909615861,0.0612482961939241,0.997958462253318,1,0.100918054851723,1.15695111415441,1.15337726029004,0.00364865915980663
0.0474953917744459,0.150393622942688,0.0510933201358884,0.143464397883156,0.99741970814734,1,0.649999908588978,1.27861344033102,1.08008040787198,0.00150343919297757
0.00193289437652022,0.000285800771212943,0.107888038875433,0.0214259920583297,0.997723334992356,0.281867543062261,0.225348712525683,0.831887813672939,1.38085602723856,0.13409992658758
0.0334868273335111,0.115822186689218,0.051570271477465,0.120577311490668,0.994275057292231,1,0.650000007096303,1.32724949533014,1.0232088618356,0.00150343919297757
0.00193289437652022,0.000285800771212943,0.107888038875433,0.0214259920583297,0.997723334992356,0.281867543062261,0.225348712525683,0.831887813672939,1.38085602723856,0.13409992658758
0.00193289437652022,0.000285800771212943,0.107888038875433,0.0214259920583297,0.997723334992356,0.281867543062261,0.225348712525683,0.831887813672939,1.38085602723856,0.13409992658758
0.0937937987049134,0.268941421369995,0.223895517878267,0.0437432086219087,0.997508229823022,1,0.699999876967354,1.49182469764127,1.47730332117829,0.00150343919297757
0.0647547380711633,0.262102626317423,0.155787433031941,0.0104993696301065,0.999954602131298,1,0.999630258186276,0.893374020131595,0.890255556423211,0.00190667238146501
0.00193289437652022,0.000285800771212943,0.107888038875433,0.0214259920583297,0.997723334992356,0.281867543062261,0.225348712525683,0.831887813672939,1.38085602723856,0.13409992658758
0.00331210309378637,0.188142663311642,0.0587197301566741,0.0780753292304055,0.996746333043107,1,0.950000074965439,1.49182469764127,1.14624601962026,0.00150343919297757
0.102001099571524,0.262214017072939,0.151354165851628,0.175366879357299,0.99687168661611,1,0.29999997759744,0.943241309011882,0.92509436819075,0.00150343919297757
0.0252855694063626,0.123981962666431,0.0195585857675889,0.167687805066567,0.991440401792875,1,0.538588404646718,1.16803199552945,0.969144911087979,0.00150343919297757
0.006147734889613,0.268941421369995,0.0637081333532026,0.0433437806978509,0.999954602131298,1,0.75000078780178,0.927334992167006,0.670320046035639,0.0126714359674466
0.10580999669594,0.243334419864047,0.171231564669303,0.153856363649723,0.996354486444126,1,0.450000124721972,1.04304933604413,1.01574301745214,0.00150343919297757
0.00193289437652022,0.000285800771212943,0.107888038875433,0.0214259920583297,0.997723334992356,0.281867543062261,0.225348712525683,0.831887813672939,1.38085602723856,0.13409992658758
0.00961874964482245,0.178155825329707,0.0555201286062406,0.0400398643455451,0.998693381771727,1,1,0.690015052457723,0.802422348834577,0.00828082143451437
0.0475877261444718,0.142229766131867,0.0770951155990366,0.144744368547862,0.993563530617401,1,0.400000024244964,1.19663920857134,1.03070115847128,0.00150343919297757
0.126899844169744,0.213738515445286,0.167956804509653,0.104593343315716,0.994588146194707,1,0.400000025780465,0.757442405911575,0.733832465218148,0.00150343919297757
0.0373905430866576,0.188150591157753,0.094216247562735,0.0962424197224026,0.994156809987765,1,0.550000090004433,1.03881340679605,1.02354692574938,0.00150343919297757
0.0418477081335099,0.196725992992234,0.0307801435669889,0.211234849568345,0.997845581295254,1,0.800000095253232,1.09693836328687,1.10164684571861,0.00150343919297757
0.0565440735432106,0.103050141907483,0.0449783790720639,0.0829317765321263,0.996045066325234,1,0.949998943128998,1.40087378922283,1.14093210085509,0.00150343919297757
0.207045300462395,0.24873344620183,0.268941421369995,0.110201357972583,0.999954602131298,0.978148852738925,0.944974436682764,1.4662470595606,1.36342335453228,0.0188945502013749
0.00193289437652022,0.000285800771212943,0.107888038875433,0.0214259920583297,0.997723334992356,0.281867543062261,0.225348712525683,0.831887813672939,1.38085602723856,0.13409992658758
0.0387999880434288,0.0988418046748878,0.0388168556533244,0.168225469704956,0.997199629967751,0.952962153414809,0.597037817578146,0.852871460658685,0.924351337639032,0.00150343919297757
0.0831437572061678,0.138260732442732,0.116193904319462,0.0528599182227061,0.996532827138126,1,0.600000009403469,1.44147565894171,1.23180692581857,0.00150343919297757
0.0105087115253021,0.0551288918636679,0.0112276836519676,0.142570812543428,0.993415529510661,1,0.550000031490225,0.825100140760152,1.08653991243177,0.00150343919297757
0.136458815225627,0.130734859790053,0.119603529466944,0.203629130528808,0.992456344182954,0.999999903029464,0.99999999793957,1.19317758911591,1.2467533028851,0.00150344217569423
0.00193289437652022,0.000285800771212943,0.107888038875433,0.0214259920583297,0.997723334992356,0.281867543062261,0.225348712525683,0.831887813672939,1.38085602723856,0.13409992658758
0.108927494166492,0.224641670327184,0.172916111190067,0.0853828185069964,0.994079221334095,1,0.1,1.22171236589342,1.25178713540048,0.00186836432451052
0.00193289437652022,0.000285800771212943,0.107888038875433,0.0214259920583297,0.997723334992356,0.281867543062261,0.225348712525683,0.831887813672939,1.38085602723856,0.13409992658758
0.0293464572935886,0.268941421369995,0.0926192372712709,0.0920905442568036,0.997946235339827,1,0.9999817589621,1.08528094917252,1.01747126223252,0.00150343919297757
0.0357237800410156,0.268941421369995,0.110445012370717,0.0617033802958755,0.999954602131298,1,0.299999823010913,1.25130231711058,1.3585941976317,0.0152062683699564
0.167855301494162,0.268941421369995,0.233282163297836,0.0355387905595701,0.997983590534056,1,0.199999948755317,0.694449093780058,0.747732312337385,0.00150343919297757
4.53978687024344e-05,0.268941421369995,0.138667045091236,0.0236804884205816,0.998635849819068,1,0.699999533099709,1.49182469764127,1.45240752047983,0.00150343919297757
0.0531707288343014,0.168240819964983,0.0280060369111909,0.180159295148556,0.998071075091417,1,0.209598697906169,1.45286270326763,1.12216141029567,0.00298105702746102
