"subj_id","hide_proportion","present","confidence"
"55ac3198fdf99b6de3b68b23","0.1",0,0.963686342592593
"55ac3198fdf99b6de3b68b23","0.1",1,0.951388888888889
"55ac3198fdf99b6de3b68b23","0.35",0,0.81322337962963
"55ac3198fdf99b6de3b68b23","0.35",1,0.850154320987654
"563f734bcbd4c60005dc9442","0.1",0,1
"563f734bcbd4c60005dc9442","0.1",1,1
"563f734bcbd4c60005dc9442","0.35",0,1
"563f734bcbd4c60005dc9442","0.35",1,1
"566feba6b937e400052d33b2","0.1",0,1
"566feba6b937e400052d33b2","0.1",1,0.998095189160326
"566feba6b937e400052d33b2","0.35",0,1
"566feba6b937e400052d33b2","0.35",1,1
"56d684fffc7879000c77d87f","0.1",0,1
"56d684fffc7879000c77d87f","0.1",1,0.955078125
"56d684fffc7879000c77d87f","0.35",0,1
"56d684fffc7879000c77d87f","0.35",1,0.989583333333333
"56f699e876348f000c883bba","0.1",0,0.576909722222222
"56f699e876348f000c883bba","0.1",1,0.768333045352817
"56f699e876348f000c883bba","0.35",0,0.495279947916667
"56f699e876348f000c883bba","0.35",1,0.73046875
"572a04726fe43d000f0491de","0.1",0,0.659615384615385
"572a04726fe43d000f0491de","0.1",1,0.670740740740741
"572a04726fe43d000f0491de","0.35",0,0.618576388888889
"572a04726fe43d000f0491de","0.35",1,0.725231481481481
"577173988445140001a36edb","0.1",0,0.56591796875
"577173988445140001a36edb","0.1",1,0.612467447916667
"577173988445140001a36edb","0.35",0,0.582356770833333
"577173988445140001a36edb","0.35",1,0.497569444444444
"57c957626736cf0001b31f39","0.1",0,0.853922207539283
"57c957626736cf0001b31f39","0.1",1,0.964739642726878
"57c957626736cf0001b31f39","0.35",0,0.87322593211901
"57c957626736cf0001b31f39","0.35",1,0.936456805909547
"57dd186e6598aa0001992616","0.1",0,0.715017361111111
"57dd186e6598aa0001992616","0.1",1,0.842857142857143
"57dd186e6598aa0001992616","0.35",0,0.741296296296296
"57dd186e6598aa0001992616","0.35",1,0.801587301587302
"57fa6c8b07d709000141ad46","0.1",0,0.655740740740741
"57fa6c8b07d709000141ad46","0.1",1,0.745572916666667
"57fa6c8b07d709000141ad46","0.35",0,0.62202380952381
"57fa6c8b07d709000141ad46","0.35",1,0.580456349206349
"58747a3875946e0001ba07cf","0.1",0,0.46328125
"58747a3875946e0001ba07cf","0.1",1,0.654947916666667
"58747a3875946e0001ba07cf","0.35",0,0.527604166666667
"58747a3875946e0001ba07cf","0.35",1,0.655448717948718
"5875778b5c17910001ea4f35","0.1",0,0.782039289055192
"5875778b5c17910001ea4f35","0.1",1,0.91066417212348
"5875778b5c17910001ea4f35","0.35",0,0.777954474586841
"5875778b5c17910001ea4f35","0.35",1,0.868640713823127
"590df20e12802600017e1006","0.1",0,0.563165025585346
"590df20e12802600017e1006","0.1",1,0.567041715993696
"590df20e12802600017e1006","0.35",0,0.591748086645946
"590df20e12802600017e1006","0.35",1,0.701262206294201
"594f5f0b6208900001db0b8f","0.1",0,0.514219576719577
"594f5f0b6208900001db0b8f","0.1",1,0.404040404040404
"594f5f0b6208900001db0b8f","0.35",0,0.483618233618234
"594f5f0b6208900001db0b8f","0.35",1,0.435956790123457
"595f88cc135b5e0001928a9c","0.1",0,0.6787109375
"595f88cc135b5e0001928a9c","0.1",1,0.710286458333333
"595f88cc135b5e0001928a9c","0.35",0,0.64892578125
"595f88cc135b5e0001928a9c","0.35",1,0.777994791666667
"59660b07e549e90001e44daa","0.1",0,0.999652777777778
"59660b07e549e90001e44daa","0.1",1,1
"59660b07e549e90001e44daa","0.35",0,1
"59660b07e549e90001e44daa","0.35",1,0.999145299145299
"596c819efb23780001f8a0df","0.1",0,0.761358024691358
"596c819efb23780001f8a0df","0.1",1,0.8
"596c819efb23780001f8a0df","0.35",0,0.798032407407407
"596c819efb23780001f8a0df","0.35",1,0.743434343434343
"59cb95053306be000195be2e","0.1",0,0.501234567901235
"59cb95053306be000195be2e","0.1",1,0.643084490740741
"59cb95053306be000195be2e","0.35",0,0.509114583333333
"59cb95053306be000195be2e","0.35",1,0.662037037037037
"5a0f47fa38ed430001be8167","0.1",0,0.999131944444444
"5a0f47fa38ed430001be8167","0.1",1,0.99921875
"5a0f47fa38ed430001be8167","0.35",0,0.999045138888889
"5a0f47fa38ed430001be8167","0.35",1,1
"5a11b458ab721b0001ef8884","0.1",0,0.686431623931624
"5a11b458ab721b0001ef8884","0.1",1,0.910108024691358
"5a11b458ab721b0001ef8884","0.35",0,0.659722222222222
"5a11b458ab721b0001ef8884","0.35",1,0.806445868945869
"5a1342b7f2e3460001edbfd2","0.1",0,0.708796296296296
"5a1342b7f2e3460001edbfd2","0.1",1,0.768518518518518
"5a1342b7f2e3460001edbfd2","0.35",0,0.638454861111111
"5a1342b7f2e3460001edbfd2","0.35",1,0.652777777777778
"5a25cb0ab279aa0001b0dc01","0.1",0,0.799305555555556
"5a25cb0ab279aa0001b0dc01","0.1",1,0.784722222222222
"5a25cb0ab279aa0001b0dc01","0.35",0,0.749444444444444
"5a25cb0ab279aa0001b0dc01","0.35",1,0.689646464646465
"5a49695b7a3e3a0001dd5de5","0.1",0,0.453333333333333
"5a49695b7a3e3a0001dd5de5","0.1",1,0.631481481481482
"5a49695b7a3e3a0001dd5de5","0.35",0,0.484222222222222
"5a49695b7a3e3a0001dd5de5","0.35",1,0.632698412698413
"5a5bed3a76d1c60001ab3c4c","0.1",0,0.792673992673993
"5a5bed3a76d1c60001ab3c4c","0.1",1,0.768934240362812
"5a5bed3a76d1c60001ab3c4c","0.35",0,0.697420634920635
"5a5bed3a76d1c60001ab3c4c","0.35",1,0.70249433106576
"5a69257731b87a0001c76293","0.1",0,0.695690883190883
"5a69257731b87a0001c76293","0.1",1,0.679783950617284
"5a69257731b87a0001c76293","0.35",0,0.704475308641975
"5a69257731b87a0001c76293","0.35",1,0.649621212121212
"5a94a3344eecca0001dd3c52","0.1",0,0.833043981481482
"5a94a3344eecca0001dd3c52","0.1",1,0.931172839506173
"5a94a3344eecca0001dd3c52","0.35",0,0.87232905982906
"5a94a3344eecca0001dd3c52","0.35",1,0.934343434343434
"5a972432873cda0001dc9321","0.1",0,0.535851851851852
"5a972432873cda0001dc9321","0.1",1,0.573777777777778
"5a972432873cda0001dc9321","0.35",0,0.456296296296296
"5a972432873cda0001dc9321","0.35",1,0.48
"5a993b151eda410001365a23","0.1",0,0.776666666666667
"5a993b151eda410001365a23","0.1",1,0.871180555555556
"5a993b151eda410001365a23","0.35",0,0.769618055555556
"5a993b151eda410001365a23","0.35",1,0.850925925925926
"5a9a24ccb5e2110001c6c391","0.1",0,0.599747474747475
"5a9a24ccb5e2110001c6c391","0.1",1,0.6921875
"5a9a24ccb5e2110001c6c391","0.35",0,0.572222222222222
"5a9a24ccb5e2110001c6c391","0.35",1,0.719017094017094
"5ab80ed547a9f7000153a3bf","0.1",0,0.991319444444444
"5ab80ed547a9f7000153a3bf","0.1",1,0.954074074074074
"5ab80ed547a9f7000153a3bf","0.35",0,0.550793650793651
"5ab80ed547a9f7000153a3bf","0.35",1,0.883928571428571
"5b017ef1293d310001023bd8","0.1",0,0.8240234375
"5b017ef1293d310001023bd8","0.1",1,0.7545166015625
"5b017ef1293d310001023bd8","0.35",0,0.70697021484375
"5b017ef1293d310001023bd8","0.35",1,0.6197265625
"5b0c96679663ee0001459213","0.1",0,0.541145833333333
"5b0c96679663ee0001459213","0.1",1,0.611032196969697
"5b0c96679663ee0001459213","0.35",0,0.521019345238095
"5b0c96679663ee0001459213","0.35",1,0.587890625
"5b14532ce9270900013c5bf6","0.1",0,0.475983796296296
"5b14532ce9270900013c5bf6","0.1",1,0.64227207977208
"5b14532ce9270900013c5bf6","0.35",0,0.512037037037037
"5b14532ce9270900013c5bf6","0.35",1,0.527777777777778
"5b421b9ac2e3810001763252","0.1",0,0.857291666666667
"5b421b9ac2e3810001763252","0.1",1,0.823958333333333
"5b421b9ac2e3810001763252","0.35",0,0.856119791666667
"5b421b9ac2e3810001763252","0.35",1,0.798611111111111
"5b4d41e13d01bd0001ec46c2","0.1",0,0.855694444444444
"5b4d41e13d01bd0001ec46c2","0.1",1,0.930793650793651
"5b4d41e13d01bd0001ec46c2","0.35",0,0.808
"5b4d41e13d01bd0001ec46c2","0.35",1,0.852888888888889
"5b6b2c3156558d0001678ffc","0.1",0,0.535493827160494
"5b6b2c3156558d0001678ffc","0.1",1,0.578703703703704
"5b6b2c3156558d0001678ffc","0.35",0,0.407941595441595
"5b6b2c3156558d0001678ffc","0.35",1,0.425462962962963
"5b7550cb09105000015131ae","0.1",0,0.524444444444444
"5b7550cb09105000015131ae","0.1",1,0.69537037037037
"5b7550cb09105000015131ae","0.35",0,0.528490028490028
"5b7550cb09105000015131ae","0.35",1,0.653549382716049
"5b894987e79bf50001e1ff95","0.1",0,0.851525958840037
"5b894987e79bf50001e1ff95","0.1",1,0.930074836295603
"5b894987e79bf50001e1ff95","0.35",0,0.840349236046149
"5b894987e79bf50001e1ff95","0.35",1,0.765450576863112
"5bbb5e3f118c0600013c3202","0.1",0,0.466319444444444
"5bbb5e3f118c0600013c3202","0.1",1,0.501851851851852
"5bbb5e3f118c0600013c3202","0.35",0,0.463636363636364
"5bbb5e3f118c0600013c3202","0.35",1,0.630639730639731
"5bc690392885710001a0bb76","0.1",0,0.49537037037037
"5bc690392885710001a0bb76","0.1",1,0.598148148148148
"5bc690392885710001a0bb76","0.35",0,0.507440476190476
"5bc690392885710001a0bb76","0.35",1,0.512108262108262
"5bcedec641f0710001c74dd5","0.1",0,0.710277777777778
"5bcedec641f0710001c74dd5","0.1",1,0.748090277777778
"5bcedec641f0710001c74dd5","0.35",0,0.707592592592593
"5bcedec641f0710001c74dd5","0.35",1,0.75050505050505
"5bd7cde93dac81000124bb7b","0.1",0,0.743076923076923
"5bd7cde93dac81000124bb7b","0.1",1,0.829259259259259
"5bd7cde93dac81000124bb7b","0.35",0,0.650598290598291
"5bd7cde93dac81000124bb7b","0.35",1,0.801111111111111
"5be76e59d153f500019a700c","0.1",0,0.887326388888889
"5be76e59d153f500019a700c","0.1",1,0.902844551282051
"5be76e59d153f500019a700c","0.35",0,0.869791666666667
"5be76e59d153f500019a700c","0.35",1,0.898111979166667
"5be9e07b887ea400012b46e6","0.1",0,0.637673611111111
"5be9e07b887ea400012b46e6","0.1",1,0.662543402777778
"5be9e07b887ea400012b46e6","0.35",0,0.593098958333333
"5be9e07b887ea400012b46e6","0.35",1,0.645123106060606
"5bf192725431290001de4ba3","0.1",0,0.720850178334553
"5bf192725431290001de4ba3","0.1",1,0.674278632601789
"5bf192725431290001de4ba3","0.35",0,0.643512946174776
"5bf192725431290001de4ba3","0.35",1,0.577449578399463
"5c28b31a0091e40001ca5030","0.1",0,0.886310294839282
"5c28b31a0091e40001ca5030","0.1",1,0.932161692394803
"5c28b31a0091e40001ca5030","0.35",0,0.898310279419892
"5c28b31a0091e40001ca5030","0.35",1,0.946992389893156
"5c366fc38821900001b38b67","0.1",0,0.69359375
"5c366fc38821900001b38b67","0.1",1,0.67375
"5c366fc38821900001b38b67","0.35",0,0.649666666666667
"5c366fc38821900001b38b67","0.35",1,0.581538461538462
"5c50efd2cc71f4000125ce0d","0.1",0,0.515335648148148
"5c50efd2cc71f4000125ce0d","0.1",1,0.528356481481482
"5c50efd2cc71f4000125ce0d","0.35",0,0.515252976190476
"5c50efd2cc71f4000125ce0d","0.35",1,0.522964015151515
"5c56025fcb61950001038a76","0.1",0,0.97621576590897
"5c56025fcb61950001038a76","0.1",1,0.979922139718103
"5c56025fcb61950001038a76","0.35",0,0.979633768295711
"5c56025fcb61950001038a76","0.35",1,0.977311777571837
"5c64561ab84cf50001b59f09","0.1",0,0.862731481481481
"5c64561ab84cf50001b59f09","0.1",1,0.810069444444444
"5c64561ab84cf50001b59f09","0.35",0,0.781828703703704
"5c64561ab84cf50001b59f09","0.35",1,0.750154320987654
"5c75c7c92c662600014eb328","0.1",0,0.663611111111111
"5c75c7c92c662600014eb328","0.1",1,0.757592592592593
"5c75c7c92c662600014eb328","0.35",0,0.705740740740741
"5c75c7c92c662600014eb328","0.35",1,0.704960317460318
"5c85883136f2450001c86ba9","0.1",0,0.900607638888889
"5c85883136f2450001c86ba9","0.1",1,0.669477513227513
"5c85883136f2450001c86ba9","0.35",0,0.877459490740741
"5c85883136f2450001c86ba9","0.35",1,0.645640432098765
"5c94148a8c4d820001d361d9","0.1",0,0.777006172839506
"5c94148a8c4d820001d361d9","0.1",1,0.859722222222222
"5c94148a8c4d820001d361d9","0.35",0,0.782696759259259
"5c94148a8c4d820001d361d9","0.35",1,0.698302469135802
"5caa534a19731a00190bb935","0.1",0,1
"5caa534a19731a00190bb935","0.1",1,1
"5caa534a19731a00190bb935","0.35",0,0.991770186335404
"5caa534a19731a00190bb935","0.35",1,1
"5cbcadbe0b073500018c5f73","0.1",0,0.969675925925926
"5cbcadbe0b073500018c5f73","0.1",1,0.835308641975309
"5cbcadbe0b073500018c5f73","0.35",0,0.920617283950617
"5cbcadbe0b073500018c5f73","0.35",1,0.766481481481482
"5ce15b0ea7b516001828c646","0.1",0,0.682716049382716
"5ce15b0ea7b516001828c646","0.1",1,0.796031746031746
"5ce15b0ea7b516001828c646","0.35",0,0.45042735042735
"5ce15b0ea7b516001828c646","0.35",1,0.641203703703704
"5cee69353057030001b33fc4","0.1",0,0.710416666666667
"5cee69353057030001b33fc4","0.1",1,0.822222222222222
"5cee69353057030001b33fc4","0.35",0,0.420899470899471
"5cee69353057030001b33fc4","0.35",1,0.71025641025641
"5cf1824f1ae74d00015fbd39","0.1",0,0.650440705128205
"5cf1824f1ae74d00015fbd39","0.1",1,0.77490234375
"5cf1824f1ae74d00015fbd39","0.35",0,0.631076388888889
"5cf1824f1ae74d00015fbd39","0.35",1,0.654340277777778
"5d0c90dc3382180015624ad9","0.1",0,0.946240601510654
"5d0c90dc3382180015624ad9","0.1",1,0.952677022231804
"5d0c90dc3382180015624ad9","0.35",0,0.904106419906925
"5d0c90dc3382180015624ad9","0.35",1,0.98622758820472
"5d1a69d8f97a18001977e0d7","0.1",0,0.81005859375
"5d1a69d8f97a18001977e0d7","0.1",1,0.85546875
"5d1a69d8f97a18001977e0d7","0.35",0,0.5578125
"5d1a69d8f97a18001977e0d7","0.35",1,0.766666666666667
"5d3f020cfd9694001a2d1a1c","0.1",0,0.621111111111111
"5d3f020cfd9694001a2d1a1c","0.1",1,0.682777777777778
"5d3f020cfd9694001a2d1a1c","0.35",0,0.630138888888889
"5d3f020cfd9694001a2d1a1c","0.35",1,0.631111111111111
"5d41925ef7b99500012b960e","0.1",0,0.88828125
"5d41925ef7b99500012b960e","0.1",1,0.794166666666667
"5d41925ef7b99500012b960e","0.35",0,0.544661458333333
"5d41925ef7b99500012b960e","0.35",1,0.56375
"5d64426653ba680017d9f63a","0.1",0,0.946428571428571
"5d64426653ba680017d9f63a","0.1",1,0.939409722222222
"5d64426653ba680017d9f63a","0.35",0,0.820920138888889
"5d64426653ba680017d9f63a","0.35",1,0.89469696969697
"5d651053afb8f700198459d4","0.1",0,0.605952380952381
"5d651053afb8f700198459d4","0.1",1,0.820634920634921
"5d651053afb8f700198459d4","0.35",0,0.592877492877493
"5d651053afb8f700198459d4","0.35",1,0.636084656084656
"5d7695cc7ae60f001bc4bde6","0.1",0,0.831681427442128
"5d7695cc7ae60f001bc4bde6","0.1",1,0.939906429069752
"5d7695cc7ae60f001bc4bde6","0.35",0,0.868511681711592
"5d7695cc7ae60f001bc4bde6","0.35",1,0.913125914185484
"5d833b0e6642ee0001bfa9cb","0.1",0,0.543436133763292
"5d833b0e6642ee0001bfa9cb","0.1",1,0.935800691246815
"5d833b0e6642ee0001bfa9cb","0.35",0,0.526932923711695
"5d833b0e6642ee0001bfa9cb","0.35",1,0.891752333690283
"5d920df12b679a00182bbc73","0.1",0,0.51460113960114
"5d920df12b679a00182bbc73","0.1",1,0.601466049382716
"5d920df12b679a00182bbc73","0.35",0,0.43667328042328
"5d920df12b679a00182bbc73","0.35",1,0.222800925925926
"5d951ede9b6f880018f63b6e","0.1",0,0.932986111111111
"5d951ede9b6f880018f63b6e","0.1",1,0.958611111111111
"5d951ede9b6f880018f63b6e","0.35",0,0.886284722222222
"5d951ede9b6f880018f63b6e","0.35",1,0.929282407407407
"5d95fe287f664d0016591f9b","0.1",0,0.781785714285714
"5d95fe287f664d0016591f9b","0.1",1,0.94859375
"5d95fe287f664d0016591f9b","0.35",0,0.865
"5d95fe287f664d0016591f9b","0.35",1,0.810909090909091
"5dae21b2232c620011d6a06e","0.1",0,0.86637037037037
"5dae21b2232c620011d6a06e","0.1",1,0.481333333333333
"5dae21b2232c620011d6a06e","0.35",0,0.901269841269841
"5dae21b2232c620011d6a06e","0.35",1,0.501428571428571
"5dd05d80b2204f1487f7812c","0.1",0,0.970138888888889
"5dd05d80b2204f1487f7812c","0.1",1,0.977222222222222
"5dd05d80b2204f1487f7812c","0.35",0,0.917592592592593
"5dd05d80b2204f1487f7812c","0.35",1,0.968269230769231
"5dd7f591ad0a617838322129","0.1",0,0.5673828125
"5dd7f591ad0a617838322129","0.1",1,0.525
"5dd7f591ad0a617838322129","0.35",0,0.314778645833333
"5dd7f591ad0a617838322129","0.35",1,0.368200231481482
"5ddf074601fadfe804d466a2","0.1",0,0.60679012345679
"5ddf074601fadfe804d466a2","0.1",1,0.897530864197531
"5ddf074601fadfe804d466a2","0.35",0,0.556125356125356
"5ddf074601fadfe804d466a2","0.35",1,0.764102564102564
"5ddf094935cf74e7e614743c","0.1",0,0.576767676767677
"5ddf094935cf74e7e614743c","0.1",1,0.616435185185185
"5ddf094935cf74e7e614743c","0.35",0,0.553535353535354
"5ddf094935cf74e7e614743c","0.35",1,0.628240740740741
"5de8d53cd0e07e836599d816","0.1",0,0.893827160493827
"5de8d53cd0e07e836599d816","0.1",1,0.7496632996633
"5de8d53cd0e07e836599d816","0.35",0,0.878042328042328
"5de8d53cd0e07e836599d816","0.35",1,0.717078189300412
"5dfb7cbd01423f8a774d893b","0.1",0,0.999326599326599
"5dfb7cbd01423f8a774d893b","0.1",1,1
"5dfb7cbd01423f8a774d893b","0.35",0,1
"5dfb7cbd01423f8a774d893b","0.35",1,1
"5dff767f69a117bc2fbd4be8","0.1",0,0.813368055555556
"5dff767f69a117bc2fbd4be8","0.1",1,0.639930555555556
"5dff767f69a117bc2fbd4be8","0.35",0,0.668923611111111
"5dff767f69a117bc2fbd4be8","0.35",1,0.434722222222222
"5e356b29d87fbf512a4cd090","0.1",0,0.742645502645503
"5e356b29d87fbf512a4cd090","0.1",1,0.816605616605617
"5e356b29d87fbf512a4cd090","0.35",0,0.70462962962963
"5e356b29d87fbf512a4cd090","0.35",1,0.773677248677249
"5e4eec948a243d34046ce39c","0.1",0,0.517628205128205
"5e4eec948a243d34046ce39c","0.1",1,0.563822751322751
"5e4eec948a243d34046ce39c","0.35",0,0.42022792022792
"5e4eec948a243d34046ce39c","0.35",1,0.561253561253561
"5e50ecfc5bac4311db8b381b","0.1",0,0.513481481481481
"5e50ecfc5bac4311db8b381b","0.1",1,0.522564102564103
"5e50ecfc5bac4311db8b381b","0.35",0,0.446518518518519
"5e50ecfc5bac4311db8b381b","0.35",1,0.524166666666667
"5e5521580ee1b951df544c3c","0.1",0,0.69537037037037
"5e5521580ee1b951df544c3c","0.1",1,0.77608024691358
"5e5521580ee1b951df544c3c","0.35",0,0.588975694444444
"5e5521580ee1b951df544c3c","0.35",1,0.696593915343915
"5e7987df47422a5443426cd7","0.1",0,0.621527777777778
"5e7987df47422a5443426cd7","0.1",1,0.42974358974359
"5e7987df47422a5443426cd7","0.35",0,0.407619047619048
"5e7987df47422a5443426cd7","0.35",1,0.36040404040404
"5ea00d4b1286ee0008405450","0.1",0,0.943888888888889
"5ea00d4b1286ee0008405450","0.1",1,0.937301587301587
"5ea00d4b1286ee0008405450","0.35",0,0.863333333333333
"5ea00d4b1286ee0008405450","0.35",1,0.8875
"5eab0879b02b960b021d223a","0.1",0,0.60828125
"5eab0879b02b960b021d223a","0.1",1,0.787
"5eab0879b02b960b021d223a","0.35",0,0.589375
"5eab0879b02b960b021d223a","0.35",1,0.642333333333333
"5ef647ec3ce68a1178780f5a","0.1",0,0.734230324074074
"5ef647ec3ce68a1178780f5a","0.1",1,0.874565972222222
"5ef647ec3ce68a1178780f5a","0.35",0,0.710503472222222
"5ef647ec3ce68a1178780f5a","0.35",1,0.781339031339031
"5ef7204033605901ce86c0b0","0.1",0,0.55126953125
"5ef7204033605901ce86c0b0","0.1",1,0.702962239583333
"5ef7204033605901ce86c0b0","0.35",0,0.51416015625
"5ef7204033605901ce86c0b0","0.35",1,0.620008680555556
"5ef877bb6b0ed15b3f6ae106","0.1",0,0.94562962962963
"5ef877bb6b0ed15b3f6ae106","0.1",1,0.95362962962963
"5ef877bb6b0ed15b3f6ae106","0.35",0,0.910074074074074
"5ef877bb6b0ed15b3f6ae106","0.35",1,0.956507936507937
"5f0333df099f494ed223e66a","0.1",0,0.881944444444444
"5f0333df099f494ed223e66a","0.1",1,0.912413194444444
"5f0333df099f494ed223e66a","0.35",0,0.814670138888889
"5f0333df099f494ed223e66a","0.35",1,0.88792735042735
"5f30074e6a379841d23a85cf","0.1",0,0.811429116681341
"5f30074e6a379841d23a85cf","0.1",1,0.850019144029259
"5f30074e6a379841d23a85cf","0.35",0,0.749159004605781
"5f30074e6a379841d23a85cf","0.35",1,0.794135558531751
"5f392fae9168cc472f0468f6","0.1",0,0.78926282051282
"5f392fae9168cc472f0468f6","0.1",1,0.824305555555556
"5f392fae9168cc472f0468f6","0.35",0,0.736421130952381
"5f392fae9168cc472f0468f6","0.35",1,0.663248697916667
"5f4cbdf9f599118d27c21442","0.1",0,0.78726109910597
"5f4cbdf9f599118d27c21442","0.1",1,0.815047729233648
"5f4cbdf9f599118d27c21442","0.35",0,0.889065789765107
"5f4cbdf9f599118d27c21442","0.35",1,0.711725497913623
"5f6b027e6eae971e2fa13594","0.1",0,0.854329427083333
"5f6b027e6eae971e2fa13594","0.1",1,0.753605769230769
"5f6b027e6eae971e2fa13594","0.35",0,0.813888888888889
"5f6b027e6eae971e2fa13594","0.35",1,0.723028273809524
"5f709bd12fcbfe673d756220","0.1",0,0.768865740740741
"5f709bd12fcbfe673d756220","0.1",1,0.761574074074074
"5f709bd12fcbfe673d756220","0.35",0,0.688657407407407
"5f709bd12fcbfe673d756220","0.35",1,0.716481481481481
"5f974c72a0ed8c0f9ce724ea","0.1",0,0.583994708994709
"5f974c72a0ed8c0f9ce724ea","0.1",1,0.873280423280423
"5f974c72a0ed8c0f9ce724ea","0.35",0,0.337731481481481
"5f974c72a0ed8c0f9ce724ea","0.35",1,0.702932098765432
"5fbb89e20ddd50a66ab62a67","0.1",0,0.728174603174603
"5fbb89e20ddd50a66ab62a67","0.1",1,0.973784722222222
"5fbb89e20ddd50a66ab62a67","0.35",0,0.729861111111111
"5fbb89e20ddd50a66ab62a67","0.35",1,0.897123015873016
"5fd2f46ccf5806125472ef4c","0.1",0,0.824662903138774
"5fd2f46ccf5806125472ef4c","0.1",1,0.766029668411867
"5fd2f46ccf5806125472ef4c","0.35",0,0.801235602094241
"5fd2f46ccf5806125472ef4c","0.35",1,0.556550319953461
"5fd8ea198512a801831f6b85","0.1",0,0.467989417989418
"5fd8ea198512a801831f6b85","0.1",1,0.684490740740741
"5fd8ea198512a801831f6b85","0.35",0,0.476455026455026
"5fd8ea198512a801831f6b85","0.35",1,0.575555555555556
"5fed47cfcb429d79af4f8ded","0.1",0,0.730324074074074
"5fed47cfcb429d79af4f8ded","0.1",1,0.732539682539682
"5fed47cfcb429d79af4f8ded","0.35",0,0.601388888888889
"5fed47cfcb429d79af4f8ded","0.35",1,0.451157407407407
"6002ae1ea178912bfa128adf","0.1",0,0.165811965811966
"6002ae1ea178912bfa128adf","0.1",1,0.143981481481481
"6002ae1ea178912bfa128adf","0.35",0,0.188888888888889
"6002ae1ea178912bfa128adf","0.35",1,0.134722222222222
"6005331b282af2704b3e9854","0.1",0,0.8921875
"6005331b282af2704b3e9854","0.1",1,0.856212797619048
"6005331b282af2704b3e9854","0.35",0,0.900390625
"6005331b282af2704b3e9854","0.35",1,0.835503472222222
"601129f77e0c21000b0c408a","0.1",0,0.905877976190476
"601129f77e0c21000b0c408a","0.1",1,0.799005681818182
"601129f77e0c21000b0c408a","0.35",0,0.707682291666667
"601129f77e0c21000b0c408a","0.35",1,0.736328125
"6016bbe3a28c6014fd3236b8","0.1",0,0.751302083333333
"6016bbe3a28c6014fd3236b8","0.1",1,0.72953869047619
"6016bbe3a28c6014fd3236b8","0.35",0,0.666493055555556
"6016bbe3a28c6014fd3236b8","0.35",1,0.595953525641026
"601958c0af6453017a0cbbd4","0.1",0,0.990397135416667
"601958c0af6453017a0cbbd4","0.1",1,0.94970703125
"601958c0af6453017a0cbbd4","0.35",0,0.9853515625
"601958c0af6453017a0cbbd4","0.35",1,1
"601a682ebca398285673a4c8","0.1",0,0.718149038461538
"601a682ebca398285673a4c8","0.1",1,0.813100961538462
"601a682ebca398285673a4c8","0.35",0,0.637310606060606
"601a682ebca398285673a4c8","0.35",1,0.768229166666667
"603e2035a82afdd77cc17f58","0.1",0,0.8625
"603e2035a82afdd77cc17f58","0.1",1,0.81547619047619
"603e2035a82afdd77cc17f58","0.35",0,0.742013888888889
"603e2035a82afdd77cc17f58","0.35",1,0.787698412698413
"6065156e5a052bf80d91ff93","0.1",0,0.469444444444444
"6065156e5a052bf80d91ff93","0.1",1,0.512121212121212
"6065156e5a052bf80d91ff93","0.35",0,0.356581196581197
"6065156e5a052bf80d91ff93","0.35",1,0.347070707070707
"606dea112436631b694c56ad","0.1",0,0.405902777777778
"606dea112436631b694c56ad","0.1",1,0.703535353535354
"606dea112436631b694c56ad","0.35",0,0.309876543209877
"606dea112436631b694c56ad","0.35",1,0.640811965811966
"609140cea1442672dd2141d7","0.1",0,1
"609140cea1442672dd2141d7","0.1",1,0.909090909090909
"609140cea1442672dd2141d7","0.35",0,1
"609140cea1442672dd2141d7","0.35",1,1
"60941b1942298685b0d09a74","0.1",0,0.949382706630377
"60941b1942298685b0d09a74","0.1",1,0.962469131563917
"60941b1942298685b0d09a74","0.35",0,0.957142850078603
"60941b1942298685b0d09a74","0.35",1,0.968660957792885
"609b93f727804c22f29aabab","0.1",0,0.951697530864198
"609b93f727804c22f29aabab","0.1",1,0.957609953703704
"609b93f727804c22f29aabab","0.35",0,0.935030864197531
"609b93f727804c22f29aabab","0.35",1,0.929398148148148
"609c34dac301d73f3684005d","0.1",0,0.486049107142857
"609c34dac301d73f3684005d","0.1",1,0.7171875
"609c34dac301d73f3684005d","0.35",0,0.382626488095238
"609c34dac301d73f3684005d","0.35",1,0.786892361111111
"609d1ddf6aa3ba55f1bf4267","0.1",0,0.863095238095238
"609d1ddf6aa3ba55f1bf4267","0.1",1,0.943080357142857
"609d1ddf6aa3ba55f1bf4267","0.35",0,0.845196759259259
"609d1ddf6aa3ba55f1bf4267","0.35",1,0.808159722222222
"60aad516e34718d318bfb44d","0.1",0,0.340104166666667
"60aad516e34718d318bfb44d","0.1",1,0.412459935897436
"60aad516e34718d318bfb44d","0.35",0,0.276442307692308
"60aad516e34718d318bfb44d","0.35",1,0.327752976190476
"60aff9a6354c706f21c27da1","0.1",0,0.517027243589744
"60aff9a6354c706f21c27da1","0.1",1,0.593276515151515
"60aff9a6354c706f21c27da1","0.35",0,0.494140625
"60aff9a6354c706f21c27da1","0.35",1,0.615584935897436
"60b86ca5f6cdbe9f29e1dafd","0.1",0,0.728472222222222
"60b86ca5f6cdbe9f29e1dafd","0.1",1,0.606597222222222
"60b86ca5f6cdbe9f29e1dafd","0.35",0,0.361979166666667
"60b86ca5f6cdbe9f29e1dafd","0.35",1,0.516025641025641
"60beb34989463cab6c1d6c52","0.1",0,0.867559523809524
"60beb34989463cab6c1d6c52","0.1",1,0.877136752136752
"60beb34989463cab6c1d6c52","0.35",0,0.884837962962963
"60beb34989463cab6c1d6c52","0.35",1,0.806481481481481
"60bf28df4926a8b6391df575","0.1",0,0.94212962962963
"60bf28df4926a8b6391df575","0.1",1,0.981712962962963
"60bf28df4926a8b6391df575","0.35",0,0.972354497354497
"60bf28df4926a8b6391df575","0.35",1,0.96
"60c142fad3c33f80288c9aa2","0.1",0,0.491527777777778
"60c142fad3c33f80288c9aa2","0.1",1,0.645694444444444
"60c142fad3c33f80288c9aa2","0.35",0,0.401944444444444
"60c142fad3c33f80288c9aa2","0.35",1,0.466984126984127
"60cfb80f9613ba516472434c","0.1",0,0.862777777777778
"60cfb80f9613ba516472434c","0.1",1,0.936190476190476
"60cfb80f9613ba516472434c","0.35",0,0.796111111111111
"60cfb80f9613ba516472434c","0.35",1,0.886666666666667
"60de3960a914c5219a7f0d4d","0.1",0,1
"60de3960a914c5219a7f0d4d","0.1",1,1
"60de3960a914c5219a7f0d4d","0.35",0,1
"60de3960a914c5219a7f0d4d","0.35",1,0.986349206349206
"6101b0dc5a0b2fb266da3699","0.1",0,0.661342592592593
"6101b0dc5a0b2fb266da3699","0.1",1,0.771064814814815
"6101b0dc5a0b2fb266da3699","0.35",0,0.61712962962963
"6101b0dc5a0b2fb266da3699","0.35",1,0.686913580246914
"6110c7e6ccdfb13e3dde5f4f","0.1",0,0.728732638888889
"6110c7e6ccdfb13e3dde5f4f","0.1",1,0.905960648148148
"6110c7e6ccdfb13e3dde5f4f","0.35",0,0.675154320987654
"6110c7e6ccdfb13e3dde5f4f","0.35",1,0.80420524691358
"611578fe8cbea39bf4928b6d","0.1",0,1
"611578fe8cbea39bf4928b6d","0.1",1,1
"611578fe8cbea39bf4928b6d","0.35",0,1
"611578fe8cbea39bf4928b6d","0.35",1,1
"612b5a2c55286e4cf74a63ee","0.1",0,0.165895061728395
"612b5a2c55286e4cf74a63ee","0.1",1,0.349074074074074
"612b5a2c55286e4cf74a63ee","0.35",0,0.0669191919191919
"612b5a2c55286e4cf74a63ee","0.35",1,0.250992063492063
"6137753896c9b6b5813a2432","0.1",0,0.69828869047619
"6137753896c9b6b5813a2432","0.1",1,0.71073717948718
"6137753896c9b6b5813a2432","0.35",0,0.624710648148148
"6137753896c9b6b5813a2432","0.35",1,0.599559294871795
"6145135f01ab17bf41e67820","0.1",0,0.5546875
"6145135f01ab17bf41e67820","0.1",1,0.55517578125
"6145135f01ab17bf41e67820","0.35",0,0.525868055555556
"6145135f01ab17bf41e67820","0.35",1,0.496837797619048
"614618f3146cc85f803c4e69","0.1",0,0.4619140625
"614618f3146cc85f803c4e69","0.1",1,0.347301136363636
"614618f3146cc85f803c4e69","0.35",0,0.364908854166667
"614618f3146cc85f803c4e69","0.35",1,0.280598958333333
"6149cdfabc3c34aedf3cdf90","0.1",0,0.485777777777778
"6149cdfabc3c34aedf3cdf90","0.1",1,0.478461538461538
"6149cdfabc3c34aedf3cdf90","0.35",0,0.436041666666667
"6149cdfabc3c34aedf3cdf90","0.35",1,0.255833333333333
"614e343d989014aedf948e68","0.1",0,0.850138888888889
"614e343d989014aedf948e68","0.1",1,0.585333333333333
"614e343d989014aedf948e68","0.35",0,0.805333333333333
"614e343d989014aedf948e68","0.35",1,0.506262626262626
"614f6bad672ef7cf5ecfd965","0.1",0,0.936714975845411
"614f6bad672ef7cf5ecfd965","0.1",1,0.973913043478261
"614f6bad672ef7cf5ecfd965","0.35",0,0.937037037037037
"614f6bad672ef7cf5ecfd965","0.35",1,0.903985507246377
"6235d96c087939dba5586d97","0.1",0,0.621164021164021
"6235d96c087939dba5586d97","0.1",1,0.887268518518519
"6235d96c087939dba5586d97","0.35",0,0.585030864197531
"6235d96c087939dba5586d97","0.35",1,0.813657407407407
"6266a4e5846e1e41812a0432","0.1",0,0.879513888888889
"6266a4e5846e1e41812a0432","0.1",1,0.952777777777778
"6266a4e5846e1e41812a0432","0.35",0,0.855740740740741
"6266a4e5846e1e41812a0432","0.35",1,0.917424242424242
"6297560d968633ad5b83b745","0.1",0,0.779558404558405
"6297560d968633ad5b83b745","0.1",1,0.91087962962963
"6297560d968633ad5b83b745","0.35",0,0.73509837962963
"6297560d968633ad5b83b745","0.35",1,0.800715488215488
"629e11c0d89e0c18f21e687a","0.1",0,0.590979782270607
"629e11c0d89e0c18f21e687a","0.1",1,0.594401244167963
"629e11c0d89e0c18f21e687a","0.35",0,0.342035103310375
"629e11c0d89e0c18f21e687a","0.35",1,0.445345478782493
"629f6b8c65fcae219e245284","0.1",0,0.891426905132193
"629f6b8c65fcae219e245284","0.1",1,0.998963193364438
"629f6b8c65fcae219e245284","0.35",0,0.92368362586092
"629f6b8c65fcae219e245284","0.35",1,0.954121306376361
"62a0c0374527c89e98fc204c","0.1",0,0.383173076923077
"62a0c0374527c89e98fc204c","0.1",1,0.8140625
"62a0c0374527c89e98fc204c","0.35",0,0.424519230769231
"62a0c0374527c89e98fc204c","0.35",1,0.730208333333333
"62ab29bfb1c80887f36dfcf3","0.1",0,0.394791666666667
"62ab29bfb1c80887f36dfcf3","0.1",1,0.577592592592593
"62ab29bfb1c80887f36dfcf3","0.35",0,0.423333333333333
"62ab29bfb1c80887f36dfcf3","0.35",1,0.405208333333333
"62b1ed0bcc6beb2773ac1db7","0.1",0,0.623777173913043
"62b1ed0bcc6beb2773ac1db7","0.1",1,0.59304347826087
"62b1ed0bcc6beb2773ac1db7","0.35",0,0.569429347826087
"62b1ed0bcc6beb2773ac1db7","0.35",1,0.486166007905138
"62c83041b362f6fad2f05822","0.1",0,0.928125
"62c83041b362f6fad2f05822","0.1",1,0.942094017094017
"62c83041b362f6fad2f05822","0.35",0,0.862179487179487
"62c83041b362f6fad2f05822","0.35",1,0.849074074074074
"62cbebd0b3641f4745d7c863","0.1",0,0.450694444444444
"62cbebd0b3641f4745d7c863","0.1",1,0.603418803418803
"62cbebd0b3641f4745d7c863","0.35",0,0.425185185185185
"62cbebd0b3641f4745d7c863","0.35",1,0.538666666666667
"62d7443567d945a729647935","0.1",0,0.7875
"62d7443567d945a729647935","0.1",1,0.7440329218107
"62d7443567d945a729647935","0.35",0,0.733333333333333
"62d7443567d945a729647935","0.35",1,0.511111111111111
"62db2644ab0a3a353c0dcb54","0.1",0,0.698703703703704
"62db2644ab0a3a353c0dcb54","0.1",1,0.876759259259259
"62db2644ab0a3a353c0dcb54","0.35",0,0.668589743589744
"62db2644ab0a3a353c0dcb54","0.35",1,0.708611111111111
"63076cd447ae6e2366804685","0.1",0,0.833666666666667
"63076cd447ae6e2366804685","0.1",1,0.88984375
"63076cd447ae6e2366804685","0.35",0,0.836
"63076cd447ae6e2366804685","0.35",1,0.797291666666667
"63168f7ba0f7cbed362cf30b","0.1",0,0.841898148148148
"63168f7ba0f7cbed362cf30b","0.1",1,0.920238095238095
"63168f7ba0f7cbed362cf30b","0.35",0,0.820246913580247
"63168f7ba0f7cbed362cf30b","0.35",1,0.959135802469136
"631c8e97db06f601f81bd82f","0.1",0,0.848395061728395
"631c8e97db06f601f81bd82f","0.1",1,0.838117283950617
"631c8e97db06f601f81bd82f","0.35",0,0.85042735042735
"631c8e97db06f601f81bd82f","0.35",1,0.802116402116402
"632b9d9bc38454f47019295c","0.1",0,0.748987268518518
"632b9d9bc38454f47019295c","0.1",1,0.662268518518519
"632b9d9bc38454f47019295c","0.35",0,0.680989583333333
"632b9d9bc38454f47019295c","0.35",1,0.564604377104377
"6346a9acc2a832b58c8e7229","0.1",0,0.508547008547009
"6346a9acc2a832b58c8e7229","0.1",1,0.65982905982906
"6346a9acc2a832b58c8e7229","0.35",0,0.41679012345679
"6346a9acc2a832b58c8e7229","0.35",1,0.657407407407407
"6346d43493a4f14e735bc630","0.1",0,0.777562663130692
"6346d43493a4f14e735bc630","0.1",1,0.75153778980043
"6346d43493a4f14e735bc630","0.35",0,0.590532823237116
"6346d43493a4f14e735bc630","0.35",1,0.707121174314065
"6347200d8ded5172ec43e0bb","0.1",0,0.790451388888889
"6347200d8ded5172ec43e0bb","0.1",1,0.802083333333333
"6347200d8ded5172ec43e0bb","0.35",0,0.682204861111111
"6347200d8ded5172ec43e0bb","0.35",1,0.691071428571429
"63474e67a5fd298c6103c409","0.1",0,0.420833333333333
"63474e67a5fd298c6103c409","0.1",1,0.713955026455027
"63474e67a5fd298c6103c409","0.35",0,0.463955026455026
"63474e67a5fd298c6103c409","0.35",1,0.64375
"637fbedd06b96e980ee37a6d","0.1",0,0.557619047619048
"637fbedd06b96e980ee37a6d","0.1",1,0.68040404040404
"637fbedd06b96e980ee37a6d","0.35",0,0.456111111111111
"637fbedd06b96e980ee37a6d","0.35",1,0.452
"63af557b3d4f219c3226b7d6","0.1",0,0.376111111111111
"63af557b3d4f219c3226b7d6","0.1",1,0.67550505050505
"63af557b3d4f219c3226b7d6","0.35",0,0.308333333333333
"63af557b3d4f219c3226b7d6","0.35",1,0.816203703703704
"63c15473935ae0d7279b094f","0.1",0,0.638773148148148
"63c15473935ae0d7279b094f","0.1",1,0.721367521367521
"63c15473935ae0d7279b094f","0.35",0,0.649382716049383
"63c15473935ae0d7279b094f","0.35",1,0.678490028490028
"63c5869714c648472e253347","0.1",0,0.751428571428571
"63c5869714c648472e253347","0.1",1,0.910940170940171
"63c5869714c648472e253347","0.35",0,0.759407407407407
"63c5869714c648472e253347","0.35",1,0.87537037037037
"63ced717cb553d29a3beac43","0.1",0,0.97078125
"63ced717cb553d29a3beac43","0.1",1,0.93734375
"63ced717cb553d29a3beac43","0.35",0,0.95453125
"63ced717cb553d29a3beac43","0.35",1,0.884166666666667
"63d14aaf6bcb1785ece7dff5","0.1",0,0.726527777777778
"63d14aaf6bcb1785ece7dff5","0.1",1,0.834603174603175
"63d14aaf6bcb1785ece7dff5","0.35",0,0.680888888888889
"63d14aaf6bcb1785ece7dff5","0.35",1,0.721975308641975
"63d42387aba51e699ab9ce5c","0.1",0,0.894938271604938
"63d42387aba51e699ab9ce5c","0.1",1,0.798611111111111
"63d42387aba51e699ab9ce5c","0.35",0,0.716666666666667
"63d42387aba51e699ab9ce5c","0.35",1,0.875925925925926
"63d79d9bdcff357d2f18fff0","0.1",0,0.602610340428543
"63d79d9bdcff357d2f18fff0","0.1",1,0.649608524547732
"63d79d9bdcff357d2f18fff0","0.35",0,0.443886772191189
"63d79d9bdcff357d2f18fff0","0.35",1,0.691632473639978
"63d79f49175ff7b8a55787b7","0.1",0,0.467013888888889
"63d79f49175ff7b8a55787b7","0.1",1,0.596723646723647
"63d79f49175ff7b8a55787b7","0.35",0,0.328571428571429
"63d79f49175ff7b8a55787b7","0.35",1,0.553703703703704
"63d79fcd741f9cfb2f87152f","0.1",0,0.744260204081633
"63d79fcd741f9cfb2f87152f","0.1",1,0.948072562358277
"63d79fcd741f9cfb2f87152f","0.35",0,0.698072562358277
"63d79fcd741f9cfb2f87152f","0.35",1,0.899546485260771
"63d7ac4c9acdaa357a0ae2d3","0.1",0,0.86646412037037
"63d7ac4c9acdaa357a0ae2d3","0.1",1,0.812856125356125
"63d7ac4c9acdaa357a0ae2d3","0.35",0,0.876234567901235
"63d7ac4c9acdaa357a0ae2d3","0.35",1,0.84156378600823
"63d7cd776c3b50b48eabd288","0.1",0,0.771666666666667
"63d7cd776c3b50b48eabd288","0.1",1,0.748
"63d7cd776c3b50b48eabd288","0.35",0,0.664027777777778
"63d7cd776c3b50b48eabd288","0.35",1,0.639166666666667
"63e55908254a436361a6787b","0.1",0,0.334343434343434
"63e55908254a436361a6787b","0.1",1,0.648076923076923
"63e55908254a436361a6787b","0.35",0,0.110763888888889
"63e55908254a436361a6787b","0.35",1,0.600972222222222
"63eb2d502000e8e4c8bf84df","0.1",0,0.780288372563955
"63eb2d502000e8e4c8bf84df","0.1",1,0.775820126323557
"63eb2d502000e8e4c8bf84df","0.35",0,0.778319314898695
"63eb2d502000e8e4c8bf84df","0.35",1,0.772060524462689
"63eb3891e11552f1afb46066","0.1",0,0.842013888888889
"63eb3891e11552f1afb46066","0.1",1,0.824928774928775
"63eb3891e11552f1afb46066","0.35",0,0.872716049382716
"63eb3891e11552f1afb46066","0.35",1,0.737878787878788
"63f6921f294f32b36bb1179e","0.1",0,0.892708333333333
"63f6921f294f32b36bb1179e","0.1",1,0.961538461538462
"63f6921f294f32b36bb1179e","0.35",0,0.844642857142857
"63f6921f294f32b36bb1179e","0.35",1,0.926851851851852
"6400e00a3cf40dffc3b211c5","0.1",0,0.987152777777778
"6400e00a3cf40dffc3b211c5","0.1",1,0.963541666666667
"6400e00a3cf40dffc3b211c5","0.35",0,1
"6400e00a3cf40dffc3b211c5","0.35",1,0.851388888888889
"6413a4a1a6e064ffb173f1ce","0.1",0,0.696335892586335
"6413a4a1a6e064ffb173f1ce","0.1",1,0.892778944688429
"6413a4a1a6e064ffb173f1ce","0.35",0,0.639972960872438
"6413a4a1a6e064ffb173f1ce","0.35",1,0.721089656165871
"64401708880c30ec28b9aef4","0.1",0,0.699382716049383
"64401708880c30ec28b9aef4","0.1",1,0.78858024691358
"64401708880c30ec28b9aef4","0.35",0,0.687407407407407
"64401708880c30ec28b9aef4","0.35",1,0.62010582010582
"6441071db76c204f70e132fc","0.1",0,0.397711015736767
"6441071db76c204f70e132fc","0.1",1,0.818267167381974
"6441071db76c204f70e132fc","0.35",0,0.483752299202943
"6441071db76c204f70e132fc","0.35",1,0.712267525035765
"644cdee223c4b93bf46c7301","0.1",0,0.865527065527065
"644cdee223c4b93bf46c7301","0.1",1,0.805723905723906
"644cdee223c4b93bf46c7301","0.35",0,0.817283950617284
"644cdee223c4b93bf46c7301","0.35",1,0.739043209876543
"644f8c80b71e16db44251de7","0.1",0,0.645524691358025
"644f8c80b71e16db44251de7","0.1",1,0.6625
"644f8c80b71e16db44251de7","0.35",0,0.541005291005291
"644f8c80b71e16db44251de7","0.35",1,0.606481481481482
"6457707a43430c565103290a","0.1",0,0.631358024691358
"6457707a43430c565103290a","0.1",1,0.671111111111111
"6457707a43430c565103290a","0.35",0,0.624579124579125
"6457707a43430c565103290a","0.35",1,0.595884773662551
"646bd812bf93129feeb5a3dc","0.1",0,0.59362962962963
"646bd812bf93129feeb5a3dc","0.1",1,0.946666666666667
"646bd812bf93129feeb5a3dc","0.35",0,0.562698412698413
"646bd812bf93129feeb5a3dc","0.35",1,0.792698412698413
"646ff124ef129159bf5f08f7","0.1",0,0.976190476190476
"646ff124ef129159bf5f08f7","0.1",1,0.954285714285714
"646ff124ef129159bf5f08f7","0.35",0,0.946071428571429
"646ff124ef129159bf5f08f7","0.35",1,0.965714285714286
"6470d7cfbf12a03c858a8c8e","0.1",0,0.341176470588235
"6470d7cfbf12a03c858a8c8e","0.1",1,0.471802054154995
"6470d7cfbf12a03c858a8c8e","0.35",0,0.509387997623292
"6470d7cfbf12a03c858a8c8e","0.35",1,0.546311858076564
"6475f6ae824f9aa5342903fa","0.1",0,0.839192708333333
"6475f6ae824f9aa5342903fa","0.1",1,0.893465909090909
"6475f6ae824f9aa5342903fa","0.35",0,0.790277777777778
"6475f6ae824f9aa5342903fa","0.35",1,0.834895833333333
"647c11e00f8cdbe4b5dd1e76","0.1",0,0.963904761904762
"647c11e00f8cdbe4b5dd1e76","0.1",1,0.97843537414966
"647c11e00f8cdbe4b5dd1e76","0.35",0,0.933992673992674
"647c11e00f8cdbe4b5dd1e76","0.35",1,1
"64b00963c1ea5bb33dc30910","0.1",0,0.720052083333333
"64b00963c1ea5bb33dc30910","0.1",1,0.8525390625
"64b00963c1ea5bb33dc30910","0.35",0,0.707845052083333
"64b00963c1ea5bb33dc30910","0.35",1,0.685243055555556
"65109d8ad6c830cd273efb3b","0.1",0,0.691701189362555
"65109d8ad6c830cd273efb3b","0.1",1,0.839168782573834
"65109d8ad6c830cd273efb3b","0.35",0,0.653648269410664
"65109d8ad6c830cd273efb3b","0.35",1,0.759494855004677
"6512ae672f906eda39b7e9db","0.1",0,0.818634242481656
"6512ae672f906eda39b7e9db","0.1",1,0.929100517999558
"6512ae672f906eda39b7e9db","0.35",0,0.74965275393592
"6512ae672f906eda39b7e9db","0.35",1,0.813541645473904
"653403fb4c4cee1065807251","0.1",0,0.658680555555556
"653403fb4c4cee1065807251","0.1",1,0.796543209876543
"653403fb4c4cee1065807251","0.35",0,0.568765432098765
"653403fb4c4cee1065807251","0.35",1,0.658179012345679
"653e69acd1d1340f02fa4cbc","0.1",0,0.92952380952381
"653e69acd1d1340f02fa4cbc","0.1",1,0.809404761904762
"653e69acd1d1340f02fa4cbc","0.35",0,0.936964285714286
"653e69acd1d1340f02fa4cbc","0.35",1,0.699659863945578
"653fcf588ab0516beb4bf546","0.1",0,0.878181818181818
"653fcf588ab0516beb4bf546","0.1",1,0.99
"653fcf588ab0516beb4bf546","0.35",0,0.71828125
"653fcf588ab0516beb4bf546","0.35",1,0.85125
"65453253bc5bdf5e764ee25d","0.1",0,0.790824915824916
"65453253bc5bdf5e764ee25d","0.1",1,0.844762731481482
"65453253bc5bdf5e764ee25d","0.35",0,0.75829475308642
"65453253bc5bdf5e764ee25d","0.35",1,0.796489197530864
"654a44f0addb5f41f1705b75","0.1",0,0.711011904761905
"654a44f0addb5f41f1705b75","0.1",1,0.756857638888889
"654a44f0addb5f41f1705b75","0.35",0,0.735576923076923
"654a44f0addb5f41f1705b75","0.35",1,0.732954545454545
"654e3fca4ff8d33df725feae","0.1",0,0.669624726655487
"654e3fca4ff8d33df725feae","0.1",1,0.752245392070799
"654e3fca4ff8d33df725feae","0.35",0,0.502454590092766
"654e3fca4ff8d33df725feae","0.35",1,0.564655276002644
"6558c58db755a27c943a30ab","0.1",0,0.778645833333333
"6558c58db755a27c943a30ab","0.1",1,0.936979166666667
"6558c58db755a27c943a30ab","0.35",0,0.629600694444444
"6558c58db755a27c943a30ab","0.35",1,0.872474747474748
"655a97bf4d75ee9bf7ab0794","0.1",0,0.671412037037037
"655a97bf4d75ee9bf7ab0794","0.1",1,0.846153846153846
"655a97bf4d75ee9bf7ab0794","0.35",0,0.578888888888889
"655a97bf4d75ee9bf7ab0794","0.35",1,0.530864197530864
"655b9fdb9904f16befe27604","0.1",0,0.49362962962963
"655b9fdb9904f16befe27604","0.1",1,0.616527777777778
"655b9fdb9904f16befe27604","0.35",0,0.348888888888889
"655b9fdb9904f16befe27604","0.35",1,0.490793650793651
"656125ea917d5c4c6f1abbc1","0.1",0,0.63623046875
"656125ea917d5c4c6f1abbc1","0.1",1,0.7421875
"656125ea917d5c4c6f1abbc1","0.35",0,0.294097222222222
"656125ea917d5c4c6f1abbc1","0.35",1,0.332638888888889
"65639c2f102822f13aa7531c","0.1",0,0.999636952637947
"65639c2f102822f13aa7531c","0.1",1,0.999804512959663
"65639c2f102822f13aa7531c","0.35",0,0.999804512959663
"65639c2f102822f13aa7531c","0.35",1,0.972966934765084
"656de94bf069f0a1446f47c5","0.1",0,0.708984375
"656de94bf069f0a1446f47c5","0.1",1,0.736188616071429
"656de94bf069f0a1446f47c5","0.35",0,0.673978365384615
"656de94bf069f0a1446f47c5","0.35",1,0.712456597222222
"659cc63ff59c72a20e2b7688","0.1",0,0.590277777777778
"659cc63ff59c72a20e2b7688","0.1",1,0.552525252525253
"659cc63ff59c72a20e2b7688","0.35",0,0.549555555555556
"659cc63ff59c72a20e2b7688","0.35",1,0.578888888888889
"659d51d4eff80ce23bc13361","0.1",0,0.817939814814815
"659d51d4eff80ce23bc13361","0.1",1,0.683333333333333
"659d51d4eff80ce23bc13361","0.35",0,0.571875
"659d51d4eff80ce23bc13361","0.35",1,0.45978835978836
"65a080d4d046c4fd2b905e8c","0.1",0,0.637185185185185
"65a080d4d046c4fd2b905e8c","0.1",1,0.786507936507936
"65a080d4d046c4fd2b905e8c","0.35",0,0.562962962962963
"65a080d4d046c4fd2b905e8c","0.35",1,0.671282051282051
"65a69840034890b79a097d95","0.1",0,0.765777777777778
"65a69840034890b79a097d95","0.1",1,0.885050505050505
"65a69840034890b79a097d95","0.35",0,0.690740740740741
"65a69840034890b79a097d95","0.35",1,0.827272727272727
"65b11897c8192342e57e9787","0.1",0,0.967122395833333
"65b11897c8192342e57e9787","0.1",1,0.9609375
"65b11897c8192342e57e9787","0.35",0,0.944173177083333
"65b11897c8192342e57e9787","0.35",1,0.969618055555556
"65b7b0e4e6fa7d632205b4b6","0.1",0,0.653819444444444
"65b7b0e4e6fa7d632205b4b6","0.1",1,0.834848484848485
"65b7b0e4e6fa7d632205b4b6","0.35",0,0.865277777777778
"65b7b0e4e6fa7d632205b4b6","0.35",1,0.599747474747475
"65c072fe454cef4b9b1ab25f","0.1",0,0.915046296296296
"65c072fe454cef4b9b1ab25f","0.1",1,0.874768518518519
"65c072fe454cef4b9b1ab25f","0.35",0,0.88962962962963
"65c072fe454cef4b9b1ab25f","0.35",1,0.809876543209877
"65cb625823c5a307bd039838","0.1",0,0.780138888888889
"65cb625823c5a307bd039838","0.1",1,0.855873015873016
"65cb625823c5a307bd039838","0.35",0,0.738472222222222
"65cb625823c5a307bd039838","0.35",1,0.788641975308642
"65dca445b7cc34ec8acfc80f","0.1",0,0.910846560846561
"65dca445b7cc34ec8acfc80f","0.1",1,0.985300925925926
"65dca445b7cc34ec8acfc80f","0.35",0,0.910123456790123
"65dca445b7cc34ec8acfc80f","0.35",1,0.943732193732194
"65de4665c095e54d2444e20a","0.1",0,0.584740740740741
"65de4665c095e54d2444e20a","0.1",1,0.595042735042735
"65de4665c095e54d2444e20a","0.35",0,0.46625
"65de4665c095e54d2444e20a","0.35",1,0.478518518518519
"65e487077857497f07a06f6d","0.1",0,0.804211956521739
"65e487077857497f07a06f6d","0.1",1,0.691576086956522
"65e487077857497f07a06f6d","0.35",0,0.675135869565217
"65e487077857497f07a06f6d","0.35",1,0.616304347826087
"65ecc2dd96e1dedac860b168","0.1",0,0.815704601088428
"65ecc2dd96e1dedac860b168","0.1",1,0.755375719476041
"65ecc2dd96e1dedac860b168","0.35",0,0.811415338817235
"65ecc2dd96e1dedac860b168","0.35",1,0.680849785397863
"65f2ae114ff6eaf05df92566","0.1",0,0.934782608695652
"65f2ae114ff6eaf05df92566","0.1",1,0.980978260869565
"65f2ae114ff6eaf05df92566","0.35",0,0.929347826086957
"65f2ae114ff6eaf05df92566","0.35",1,0.93695652173913
"6604834e74f1307839178335","0.1",0,0.843518518518519
"6604834e74f1307839178335","0.1",1,0.844753086419753
"6604834e74f1307839178335","0.35",0,0.83531746031746
"6604834e74f1307839178335","0.35",1,0.846395502645503
"6607fceba47fef4f01ec4605","0.1",0,0.750308641975309
"6607fceba47fef4f01ec4605","0.1",1,0.775628306878307
"6607fceba47fef4f01ec4605","0.35",0,0.688271604938272
"6607fceba47fef4f01ec4605","0.35",1,0.746794871794872
"660abfd1b4f90c39abdfb887","0.1",0,0.942545572916667
"660abfd1b4f90c39abdfb887","0.1",1,0.938368055555556
"660abfd1b4f90c39abdfb887","0.35",0,0.953450520833333
"660abfd1b4f90c39abdfb887","0.35",1,0.939903846153846
"660c0330fac0146521c4d0cb","0.1",0,0.87080078125
"660c0330fac0146521c4d0cb","0.1",1,0.96474609375
"660c0330fac0146521c4d0cb","0.35",0,0.79384765625
"660c0330fac0146521c4d0cb","0.35",1,0.942788461538462
"660c0e1732ec0851bbeacd9b","0.1",0,0.96712962962963
"660c0e1732ec0851bbeacd9b","0.1",1,0.971296296296296
"660c0e1732ec0851bbeacd9b","0.35",0,0.965046296296296
"660c0e1732ec0851bbeacd9b","0.35",1,0.967328042328042
"66106de7b3f2dbb98745308c","0.1",0,0.692716049382716
"66106de7b3f2dbb98745308c","0.1",1,0.875185185185185
"66106de7b3f2dbb98745308c","0.35",0,0.613227513227513
"66106de7b3f2dbb98745308c","0.35",1,0.681908831908832
"66155607a7f8c623df21f8ff","0.1",0,0.520166666666667
"66155607a7f8c623df21f8ff","0.1",1,0.583269230769231
"66155607a7f8c623df21f8ff","0.35",0,0.48125
"66155607a7f8c623df21f8ff","0.35",1,0.3425
"6616cb2e70225899688b7f69","0.1",0,0.869936342592593
"6616cb2e70225899688b7f69","0.1",1,0.855401234567901
"6616cb2e70225899688b7f69","0.35",0,0.889853395061728
"6616cb2e70225899688b7f69","0.35",1,0.898148148148148
"662a33b22380e295d70b3c04","0.1",0,0.959895833333333
"662a33b22380e295d70b3c04","0.1",1,0.998703703703704
"662a33b22380e295d70b3c04","0.35",0,0.943253968253968
"662a33b22380e295d70b3c04","0.35",1,0.951215277777778
"662d8e525d53b0503c77995d","0.1",0,0.564503205128205
"662d8e525d53b0503c77995d","0.1",1,0.58837890625
"662d8e525d53b0503c77995d","0.35",0,0.589285714285714
"662d8e525d53b0503c77995d","0.35",1,0.591362847222222
"662f98f43a8fb355ba11f5bf","0.1",0,0.646481481481481
"662f98f43a8fb355ba11f5bf","0.1",1,0.969560185185185
"662f98f43a8fb355ba11f5bf","0.35",0,0.476430976430976
"662f98f43a8fb355ba11f5bf","0.35",1,0.898703703703704
"66338f4346e84e4f0469bc21","0.1",0,0.779282407407407
"66338f4346e84e4f0469bc21","0.1",1,0.848641975308642
"66338f4346e84e4f0469bc21","0.35",0,0.699768518518519
"66338f4346e84e4f0469bc21","0.35",1,0.722916666666667
"66339e69096405b36663468b","0.1",0,0.957222222222222
"66339e69096405b36663468b","0.1",1,0.891703703703704
"66339e69096405b36663468b","0.35",0,0.895277777777778
"66339e69096405b36663468b","0.35",1,0.917777777777778
"66341aa2ba380c734a4bbf24","0.1",0,0.960972222222222
"66341aa2ba380c734a4bbf24","0.1",1,0.906111111111111
"66341aa2ba380c734a4bbf24","0.35",0,0.881904761904762
"66341aa2ba380c734a4bbf24","0.35",1,0.78968253968254
"6638e643284b804701f00535","0.1",0,0.729814814814815
"6638e643284b804701f00535","0.1",1,0.760987654320988
"6638e643284b804701f00535","0.35",0,0.735858585858586
"6638e643284b804701f00535","0.35",1,0.810683760683761
"663a9a69d6f430dd18e2282a","0.1",0,0.672083333333333
"663a9a69d6f430dd18e2282a","0.1",1,0.84
"663a9a69d6f430dd18e2282a","0.35",0,0.569027777777778
"663a9a69d6f430dd18e2282a","0.35",1,0.648253968253968
"663cd6f1d0b74ddb4f232417","0.1",0,0.697407407407407
"663cd6f1d0b74ddb4f232417","0.1",1,0.916666666666667
"663cd6f1d0b74ddb4f232417","0.35",0,0.437433862433862
"663cd6f1d0b74ddb4f232417","0.35",1,0.762535612535613
"6640bdfe02e53e598b28c8a8","0.1",0,0.614320987654321
"6640bdfe02e53e598b28c8a8","0.1",1,0.729100529100529
"6640bdfe02e53e598b28c8a8","0.35",0,0.668518518518519
"6640bdfe02e53e598b28c8a8","0.35",1,0.727160493827161
"66420f8d0c89f5c4a0377e4e","0.1",0,0.56421875
"66420f8d0c89f5c4a0377e4e","0.1",1,0.793333333333333
"66420f8d0c89f5c4a0377e4e","0.35",0,0.4975
"66420f8d0c89f5c4a0377e4e","0.35",1,0.549722222222222
"664233ecf808ec79e59f3d4e","0.1",0,0.87890625
"664233ecf808ec79e59f3d4e","0.1",1,0.792376893939394
"664233ecf808ec79e59f3d4e","0.35",0,0.686316287878788
"664233ecf808ec79e59f3d4e","0.35",1,0.671223958333333
"6643d4f105748c36f71dbbba","0.1",0,0.975
"6643d4f105748c36f71dbbba","0.1",1,0.965983072916667
"6643d4f105748c36f71dbbba","0.35",0,0.9619140625
"6643d4f105748c36f71dbbba","0.35",1,0.955208333333333
"6645b72a1a5f7902bfd57b52","0.1",0,0.793214285714286
"6645b72a1a5f7902bfd57b52","0.1",1,0.7865
"6645b72a1a5f7902bfd57b52","0.35",0,0.616071428571429
"6645b72a1a5f7902bfd57b52","0.35",1,0.703571428571429
"664a00422cc4493facd873b8","0.1",0,0.367424242424242
"664a00422cc4493facd873b8","0.1",1,0.622685185185185
"664a00422cc4493facd873b8","0.35",0,0.155349794238683
"664a00422cc4493facd873b8","0.35",1,0.465277777777778
"664a1bcbac985050a4575af2","0.1",0,0.689285714285714
"664a1bcbac985050a4575af2","0.1",1,0.602006172839506
"664a1bcbac985050a4575af2","0.35",0,0.658689458689459
"664a1bcbac985050a4575af2","0.35",1,0.638734567901235
"664a5be05bc29332beb2fced","0.1",0,0.67724609375
"664a5be05bc29332beb2fced","0.1",1,0.685185185185185
"664a5be05bc29332beb2fced","0.35",0,0.389409722222222
"664a5be05bc29332beb2fced","0.35",1,0.50093005952381
"664cc974cb25cb2deeaa7ce3","0.1",0,0.588194444444444
"664cc974cb25cb2deeaa7ce3","0.1",1,0.673888888888889
"664cc974cb25cb2deeaa7ce3","0.35",0,0.334027777777778
"664cc974cb25cb2deeaa7ce3","0.35",1,0.444273504273504
"664f5da7aa6f7e3d529107b2","0.1",0,0.746349206349206
"664f5da7aa6f7e3d529107b2","0.1",1,0.904063492063492
"664f5da7aa6f7e3d529107b2","0.35",0,0.678539682539683
"664f5da7aa6f7e3d529107b2","0.35",1,0.755824175824176
"665288637afb1c6f9ef2d257","0.1",0,0.96021412037037
"665288637afb1c6f9ef2d257","0.1",1,0.939236111111111
"665288637afb1c6f9ef2d257","0.35",0,0.868233618233618
"665288637afb1c6f9ef2d257","0.35",1,0.92906746031746
"66535d8a3c3bf682d4edf6bd","0.1",0,0.947083333333333
"66535d8a3c3bf682d4edf6bd","0.1",1,0.94
"66535d8a3c3bf682d4edf6bd","0.35",0,0.844444444444444
"66535d8a3c3bf682d4edf6bd","0.35",1,0.887111111111111
"6654ea31b450c037ef242412","0.1",0,0.4584375
"6654ea31b450c037ef242412","0.1",1,0.5815
"6654ea31b450c037ef242412","0.35",0,0.403214285714286
"6654ea31b450c037ef242412","0.35",1,0.492
"66557f0971ec7621de8bb6ee","0.1",0,0.757716049382716
"66557f0971ec7621de8bb6ee","0.1",1,0.787471064814815
"66557f0971ec7621de8bb6ee","0.35",0,0.678240740740741
"66557f0971ec7621de8bb6ee","0.35",1,0.731172839506173
"6655ff56aa1add00251d414c","0.1",0,0.58034188034188
"6655ff56aa1add00251d414c","0.1",1,0.464583333333333
"6655ff56aa1add00251d414c","0.35",0,0.426010101010101
"6655ff56aa1add00251d414c","0.35",1,0.514880952380952
"66564824aa1add00251d5118","0.1",0,0.611296296296296
"66564824aa1add00251d5118","0.1",1,0.713555555555556
"66564824aa1add00251d5118","0.35",0,0.573333333333333
"66564824aa1add00251d5118","0.35",1,0.504938271604938
"66572c6bd2800e36fb585648","0.1",0,0.973888888888889
"66572c6bd2800e36fb585648","0.1",1,0.833333333333333
"66572c6bd2800e36fb585648","0.35",0,0.870299145299145
"66572c6bd2800e36fb585648","0.35",1,0.9175
"6658a7f614d62a1049b4a850","0.1",0,0.690104166666667
"6658a7f614d62a1049b4a850","0.1",1,0.501262626262626
"6658a7f614d62a1049b4a850","0.35",0,0.62582671957672
"6658a7f614d62a1049b4a850","0.35",1,0.464583333333333
"6658ac9c470493b1b07f32b0","0.1",0,0.978515625
"6658ac9c470493b1b07f32b0","0.1",1,0.9109375
"6658ac9c470493b1b07f32b0","0.35",0,0.976736111111111
"6658ac9c470493b1b07f32b0","0.35",1,0.976934523809524
"6658b2838b4168451b3ce2f2","0.1",0,0.732366071428571
"6658b2838b4168451b3ce2f2","0.1",1,0.818973214285714
"6658b2838b4168451b3ce2f2","0.35",0,0.663095238095238
"6658b2838b4168451b3ce2f2","0.35",1,0.748214285714286
"6658b60fc23685ce203abdc5","0.1",0,0.834567901234568
"6658b60fc23685ce203abdc5","0.1",1,0.837152777777778
"6658b60fc23685ce203abdc5","0.35",0,0.838888888888889
"6658b60fc23685ce203abdc5","0.35",1,0.734511784511784
"6658ba167affbe300577b93d","0.1",0,0.665416666666667
"6658ba167affbe300577b93d","0.1",1,0.755972222222222
"6658ba167affbe300577b93d","0.35",0,0.546111111111111
"6658ba167affbe300577b93d","0.35",1,0.574666666666667
"6658c8583d9792782e2640f9","0.1",0,0.382233796296296
"6658c8583d9792782e2640f9","0.1",1,0.624074074074074
"6658c8583d9792782e2640f9","0.35",0,0.344907407407407
"6658c8583d9792782e2640f9","0.35",1,0.393904320987654
"665995bee5be129507bd93ba","0.1",0,0.815714285714286
"665995bee5be129507bd93ba","0.1",1,0.814285714285714
"665995bee5be129507bd93ba","0.35",0,0.822142857142857
"665995bee5be129507bd93ba","0.35",1,0.787372448979592
"6659ca258380c37592d9972b","0.1",0,0.488020833333333
"6659ca258380c37592d9972b","0.1",1,0.665925925925926
"6659ca258380c37592d9972b","0.35",0,0.438690476190476
"6659ca258380c37592d9972b","0.35",1,0.619642857142857
"6659ccc3f36826e67d30e439","0.1",0,0.420138888888889
"6659ccc3f36826e67d30e439","0.1",1,0.53954475308642
"6659ccc3f36826e67d30e439","0.35",0,0.320023148148148
"6659ccc3f36826e67d30e439","0.35",1,0.539737654320988
"6659f7b686070a60418a9b41","0.1",0,0.565277777777778
"6659f7b686070a60418a9b41","0.1",1,0.653777777777778
"6659f7b686070a60418a9b41","0.35",0,0.531527777777778
"6659f7b686070a60418a9b41","0.35",1,0.441212121212121
"6659fa0eb4d2041c2fe81f61","0.1",0,0.76712962962963
"6659fa0eb4d2041c2fe81f61","0.1",1,0.774305555555556
"6659fa0eb4d2041c2fe81f61","0.35",0,0.749382716049383
"6659fa0eb4d2041c2fe81f61","0.35",1,0.737599206349206
"665a2f33fadedd5a395d81a3","0.1",0,0.876455026455026
"665a2f33fadedd5a395d81a3","0.1",1,0.909953703703704
"665a2f33fadedd5a395d81a3","0.35",0,0.731828703703704
"665a2f33fadedd5a395d81a3","0.35",1,0.798302469135802
"665a392b537d70071c3c123f","0.1",0,0.519012345679012
"665a392b537d70071c3c123f","0.1",1,0.678858024691358
"665a392b537d70071c3c123f","0.35",0,0.541666666666667
"665a392b537d70071c3c123f","0.35",1,0.641880341880342
"665a610f038c720d5b9820f0","0.1",0,0.790925925925926
"665a610f038c720d5b9820f0","0.1",1,0.889259259259259
"665a610f038c720d5b9820f0","0.35",0,0.761309523809524
"665a610f038c720d5b9820f0","0.35",1,0.601709401709402
"665ac832a7acb565414e8f4d","0.1",0,0.852314814814815
"665ac832a7acb565414e8f4d","0.1",1,0.868641975308642
"665ac832a7acb565414e8f4d","0.35",0,0.694197530864198
"665ac832a7acb565414e8f4d","0.35",1,0.790883190883191
"665ca5c19424301a3658f79c","0.1",0,0.498046875
"665ca5c19424301a3658f79c","0.1",1,0.742466517857143
"665ca5c19424301a3658f79c","0.35",0,0.522879464285714
"665ca5c19424301a3658f79c","0.35",1,0.701021634615385
"665e406a0f22e57ff8be5cde","0.1",0,0.704722222222222
"665e406a0f22e57ff8be5cde","0.1",1,0.787703703703704
"665e406a0f22e57ff8be5cde","0.35",0,0.632083333333333
"665e406a0f22e57ff8be5cde","0.35",1,0.674074074074074
"665eecb1e47b6bfcbda3e237","0.1",0,0.848544973544974
"665eecb1e47b6bfcbda3e237","0.1",1,0.819973544973545
"665eecb1e47b6bfcbda3e237","0.35",0,0.850740740740741
"665eecb1e47b6bfcbda3e237","0.35",1,0.810699588477366
"665f1007be124a7cd9390dfd","0.1",0,0.805745511358367
"665f1007be124a7cd9390dfd","0.1",1,0.849648711982449
"665f1007be124a7cd9390dfd","0.35",0,0.846923568273113
"665f1007be124a7cd9390dfd","0.35",1,0.828852459055478
"666071fae6dc148f5fd91902","0.1",0,0.770833333333333
"666071fae6dc148f5fd91902","0.1",1,0.769861111111111
"666071fae6dc148f5fd91902","0.35",0,0.723247863247863
"666071fae6dc148f5fd91902","0.35",1,0.626868686868687
"6662cbaedf0c993cd37ffb83","0.1",0,0.638962962962963
"6662cbaedf0c993cd37ffb83","0.1",1,0.672444444444444
"6662cbaedf0c993cd37ffb83","0.35",0,0.517619047619048
"6662cbaedf0c993cd37ffb83","0.35",1,0.71008547008547
"6662f201ccf41c36e7408562","0.1",0,0.523333333333333
"6662f201ccf41c36e7408562","0.1",1,0.546851851851852
"6662f201ccf41c36e7408562","0.35",0,0.446
"6662f201ccf41c36e7408562","0.35",1,0.486349206349206
"66635a98b8f8592b269bf228","0.1",0,0.685763888888889
"66635a98b8f8592b269bf228","0.1",1,0.707070707070707
"66635a98b8f8592b269bf228","0.35",0,0.551851851851852
"66635a98b8f8592b269bf228","0.35",1,0.588333333333333
"6665f7be4cb4d3ee60e49be7","0.1",0,0.553333333333333
"6665f7be4cb4d3ee60e49be7","0.1",1,0.633333333333333
"6665f7be4cb4d3ee60e49be7","0.35",0,0.555729166666667
"6665f7be4cb4d3ee60e49be7","0.35",1,0.630808080808081
"6669a01d55f07dff4a75de92","0.1",0,0.615687489833147
"6669a01d55f07dff4a75de92","0.1",1,0.553739703547986
"6669a01d55f07dff4a75de92","0.35",0,0.45417002795262
"6669a01d55f07dff4a75de92","0.35",1,0.493273610336494
"666a6c6b20176c9c4f120bc8","0.1",0,0.832060185185185
"666a6c6b20176c9c4f120bc8","0.1",1,0.856944444444445
"666a6c6b20176c9c4f120bc8","0.35",0,0.670864197530864
"666a6c6b20176c9c4f120bc8","0.35",1,0.711111111111111
"666c4136d4d20711d6a787aa","0.1",0,0.599861111111111
"666c4136d4d20711d6a787aa","0.1",1,0.689365079365079
"666c4136d4d20711d6a787aa","0.35",0,0.474545454545455
"666c4136d4d20711d6a787aa","0.35",1,0.523030303030303
"667034c14f027b0188355427","0.1",0,0.778271604938272
"667034c14f027b0188355427","0.1",1,0.890864197530864
"667034c14f027b0188355427","0.35",0,0.537384259259259
"667034c14f027b0188355427","0.35",1,0.681481481481481
