"subj_id","size","present","confidence"
"55ac3198fdf99b6de3b68b23","3",0,0.927951388888889
"55ac3198fdf99b6de3b68b23","3",1,0.990162037037037
"55ac3198fdf99b6de3b68b23","5",0,0.97974537037037
"55ac3198fdf99b6de3b68b23","5",1,0.918402777777778
"563f734bcbd4c60005dc9442","3",0,1
"563f734bcbd4c60005dc9442","3",1,0.99429012345679
"563f734bcbd4c60005dc9442","5",0,1
"563f734bcbd4c60005dc9442","5",1,0.99212962962963
"566feba6b937e400052d33b2","3",0,0.907664609053498
"566feba6b937e400052d33b2","3",1,0.91820987654321
"566feba6b937e400052d33b2","5",0,0.913029100529101
"566feba6b937e400052d33b2","5",1,0.912037037037037
"56d684fffc7879000c77d87f","3",0,1
"56d684fffc7879000c77d87f","3",1,1
"56d684fffc7879000c77d87f","5",0,1
"56d684fffc7879000c77d87f","5",1,1
"56f699e876348f000c883bba","3",0,0.757157742535626
"56f699e876348f000c883bba","3",1,0.915880408551958
"56f699e876348f000c883bba","5",0,0.778940006538674
"56f699e876348f000c883bba","5",1,0.840794734012933
"572a04726fe43d000f0491de","3",0,0.687847222222222
"572a04726fe43d000f0491de","3",1,0.758680555555556
"572a04726fe43d000f0491de","5",0,0.655208333333333
"572a04726fe43d000f0491de","5",1,0.755729166666667
"57c957626736cf0001b31f39","3",0,0.814344673338932
"57c957626736cf0001b31f39","3",1,0.956329165751766
"57c957626736cf0001b31f39","5",0,0.889630869851238
"57c957626736cf0001b31f39","5",1,0.897712584818877
"57dd186e6598aa0001992616","3",0,0.574305555555556
"57dd186e6598aa0001992616","3",1,0.883767361111111
"57dd186e6598aa0001992616","5",0,0.688541666666667
"57dd186e6598aa0001992616","5",1,0.782043650793651
"57fa6c8b07d709000141ad46","3",0,0.621944444444444
"57fa6c8b07d709000141ad46","3",1,0.823697916666667
"57fa6c8b07d709000141ad46","5",0,0.651736111111111
"57fa6c8b07d709000141ad46","5",1,0.700434027777778
"5875778b5c17910001ea4f35","3",0,0.936038353601497
"5875778b5c17910001ea4f35","3",1,0.989242282507016
"5875778b5c17910001ea4f35","5",0,0.94629911131899
"5875778b5c17910001ea4f35","5",1,0.9911131898971
"590df20e12802600017e1006","3",0,0.683011754331688
"590df20e12802600017e1006","3",1,0.505501253494654
"590df20e12802600017e1006","5",0,0.709213579204428
"590df20e12802600017e1006","5",1,0.593811056151625
"595f88cc135b5e0001928a9c","3",0,0.822916666666667
"595f88cc135b5e0001928a9c","3",1,0.888671875
"595f88cc135b5e0001928a9c","5",0,0.856282552083333
"595f88cc135b5e0001928a9c","5",1,0.796440972222222
"59660b07e549e90001e44daa","3",0,1
"59660b07e549e90001e44daa","3",1,0.996875
"59660b07e549e90001e44daa","5",0,0.995740740740741
"59660b07e549e90001e44daa","5",1,0.999305555555556
"59cb95053306be000195be2e","3",0,0.671296296296296
"59cb95053306be000195be2e","3",1,0.876736111111111
"59cb95053306be000195be2e","5",0,0.550925925925926
"59cb95053306be000195be2e","5",1,0.634093915343915
"5a0f47fa38ed430001be8167","3",0,1
"5a0f47fa38ed430001be8167","3",1,1
"5a0f47fa38ed430001be8167","5",0,1
"5a0f47fa38ed430001be8167","5",1,1
"5a11b458ab721b0001ef8884","3",0,0.794477513227513
"5a11b458ab721b0001ef8884","3",1,0.874821937321937
"5a11b458ab721b0001ef8884","5",0,0.80109126984127
"5a11b458ab721b0001ef8884","5",1,0.916832010582011
"5a1342b7f2e3460001edbfd2","3",0,0.795717592592593
"5a1342b7f2e3460001edbfd2","3",1,0.801649305555556
"5a1342b7f2e3460001edbfd2","5",0,0.809461805555556
"5a1342b7f2e3460001edbfd2","5",1,0.825086805555556
"5a69257731b87a0001c76293","3",0,0.58270202020202
"5a69257731b87a0001c76293","3",1,0.718460648148148
"5a69257731b87a0001c76293","5",0,0.672530864197531
"5a69257731b87a0001c76293","5",1,0.715740740740741
"5a94a3344eecca0001dd3c52","3",0,0.921730324074074
"5a94a3344eecca0001dd3c52","3",1,0.992042824074074
"5a94a3344eecca0001dd3c52","5",0,0.950376157407407
"5a94a3344eecca0001dd3c52","5",1,0.931944444444444
"5a972432873cda0001dc9321","3",0,0.439027777777778
"5a972432873cda0001dc9321","3",1,0.63375
"5a972432873cda0001dc9321","5",0,0.706527777777778
"5a972432873cda0001dc9321","5",1,0.604592592592593
"5a993b151eda410001365a23","3",0,0.8484375
"5a993b151eda410001365a23","3",1,0.881770833333333
"5a993b151eda410001365a23","5",0,0.857118055555556
"5a993b151eda410001365a23","5",1,0.873090277777778
"5a9a24ccb5e2110001c6c391","3",0,0.884757826063368
"5a9a24ccb5e2110001c6c391","3",1,0.878765414202655
"5a9a24ccb5e2110001c6c391","5",0,0.664285696120489
"5a9a24ccb5e2110001c6c391","5",1,0.881358015272352
"5ab80ed547a9f7000153a3bf","3",0,0.511979166666667
"5ab80ed547a9f7000153a3bf","3",1,0.951215277777778
"5ab80ed547a9f7000153a3bf","5",0,0.917534722222222
"5ab80ed547a9f7000153a3bf","5",1,0.934259259259259
"5b017ef1293d310001023bd8","3",0,0.665674603174603
"5b017ef1293d310001023bd8","3",1,0.571944444444444
"5b017ef1293d310001023bd8","5",0,0.6921875
"5b017ef1293d310001023bd8","5",1,0.644047619047619
"5b0c96679663ee0001459213","3",0,0.658130787037037
"5b0c96679663ee0001459213","3",1,0.798900462962963
"5b0c96679663ee0001459213","5",0,0.694878472222222
"5b0c96679663ee0001459213","5",1,0.612103174603175
"5b14532ce9270900013c5bf6","3",0,0.486882716049383
"5b14532ce9270900013c5bf6","3",1,0.611937830687831
"5b14532ce9270900013c5bf6","5",0,0.499421296296296
"5b14532ce9270900013c5bf6","5",1,0.579950142450142
"5b421b9ac2e3810001763252","3",0,0.9013671875
"5b421b9ac2e3810001763252","3",1,0.795247395833333
"5b421b9ac2e3810001763252","5",0,0.90380859375
"5b421b9ac2e3810001763252","5",1,0.776227678571429
"5b4d41e13d01bd0001ec46c2","3",0,0.783111111111111
"5b4d41e13d01bd0001ec46c2","3",1,0.968888888888889
"5b4d41e13d01bd0001ec46c2","5",0,0.796592592592593
"5b4d41e13d01bd0001ec46c2","5",1,0.911904761904762
"5b6b2c3156558d0001678ffc","3",0,0.502623456790123
"5b6b2c3156558d0001678ffc","3",1,0.503703703703704
"5b6b2c3156558d0001678ffc","5",0,0.518373842592593
"5b6b2c3156558d0001678ffc","5",1,0.629050925925926
"5b7550cb09105000015131ae","3",0,0.711342592592593
"5b7550cb09105000015131ae","3",1,0.547578347578348
"5b7550cb09105000015131ae","5",0,0.693402777777778
"5b7550cb09105000015131ae","5",1,0.581975308641975
"5b894987e79bf50001e1ff95","3",0,0.981173994387278
"5b894987e79bf50001e1ff95","3",1,0.99105472404116
"5b894987e79bf50001e1ff95","5",0,0.99102549111319
"5b894987e79bf50001e1ff95","5",1,0.982694106641721
"5bbb5e3f118c0600013c3202","3",0,0.430555555555556
"5bbb5e3f118c0600013c3202","3",1,0.847008547008547
"5bbb5e3f118c0600013c3202","5",0,0.591234567901235
"5bbb5e3f118c0600013c3202","5",1,0.721604938271605
"5bc690392885710001a0bb76","3",0,0.728356031128405
"5bc690392885710001a0bb76","3",1,0.799732490272374
"5bc690392885710001a0bb76","5",0,0.777237354085603
"5bc690392885710001a0bb76","5",1,0.757538910505837
"5bcedec641f0710001c74dd5","3",0,0.712896825396825
"5bcedec641f0710001c74dd5","3",1,0.763888888888889
"5bcedec641f0710001c74dd5","5",0,0.703645833333333
"5bcedec641f0710001c74dd5","5",1,0.75
"5bd7cde93dac81000124bb7b","3",0,0.63037037037037
"5bd7cde93dac81000124bb7b","3",1,0.898055555555555
"5bd7cde93dac81000124bb7b","5",0,0.699555555555556
"5bd7cde93dac81000124bb7b","5",1,0.874358974358974
"5be9e07b887ea400012b46e6","3",0,0.572916666666667
"5be9e07b887ea400012b46e6","3",1,0.708984375
"5be9e07b887ea400012b46e6","5",0,0.5859375
"5be9e07b887ea400012b46e6","5",1,0.633854166666667
"5bf192725431290001de4ba3","3",0,0.889358093148775
"5bf192725431290001de4ba3","3",1,0.940777949173398
"5bf192725431290001de4ba3","5",0,0.877545054537386
"5bf192725431290001de4ba3","5",1,0.810720495188669
"5c366fc38821900001b38b67","3",0,0.864375
"5c366fc38821900001b38b67","3",1,0.808833333333333
"5c366fc38821900001b38b67","5",0,0.83015625
"5c366fc38821900001b38b67","5",1,0.8228125
"5c50efd2cc71f4000125ce0d","3",0,0.67578125
"5c50efd2cc71f4000125ce0d","3",1,0.679427083333333
"5c50efd2cc71f4000125ce0d","5",0,0.702083333333333
"5c50efd2cc71f4000125ce0d","5",1,0.681803385416667
"5c56025fcb61950001038a76","3",0,0.998516088722939
"5c56025fcb61950001038a76","3",1,0.99584504842423
"5c56025fcb61950001038a76","5",0,0.994196525126509
"5c56025fcb61950001038a76","5",1,0.959459784203485
"5c64561ab84cf50001b59f09","3",0,0.805671296296296
"5c64561ab84cf50001b59f09","3",1,0.815046296296296
"5c64561ab84cf50001b59f09","5",0,0.884722222222222
"5c64561ab84cf50001b59f09","5",1,0.846180555555556
"5c75c7c92c662600014eb328","3",0,0.806172839506173
"5c75c7c92c662600014eb328","3",1,0.860925925925926
"5c75c7c92c662600014eb328","5",0,0.742777777777778
"5c75c7c92c662600014eb328","5",1,0.818589743589744
"5c85883136f2450001c86ba9","3",0,0.990162037037037
"5c85883136f2450001c86ba9","3",1,0.88599537037037
"5c85883136f2450001c86ba9","5",0,0.993055555555556
"5c85883136f2450001c86ba9","5",1,0.852430555555556
"5c94148a8c4d820001d361d9","3",0,0.872106481481482
"5c94148a8c4d820001d361d9","3",1,0.84375
"5c94148a8c4d820001d361d9","5",0,0.899228395061728
"5c94148a8c4d820001d361d9","5",1,0.770998677248677
"5caa534a19731a00190bb935","3",0,0.999864130434783
"5caa534a19731a00190bb935","3",1,0.990579710144928
"5caa534a19731a00190bb935","5",0,1
"5caa534a19731a00190bb935","5",1,1
"5cbcadbe0b073500018c5f73","3",0,0.960532407407407
"5cbcadbe0b073500018c5f73","3",1,0.797654320987654
"5cbcadbe0b073500018c5f73","5",0,0.833730158730159
"5cbcadbe0b073500018c5f73","5",1,0.748821548821549
"5ce15b0ea7b516001828c646","3",0,0.70679012345679
"5ce15b0ea7b516001828c646","3",1,0.819675925925926
"5ce15b0ea7b516001828c646","5",0,0.664550264550265
"5ce15b0ea7b516001828c646","5",1,0.788734567901235
"5cee69353057030001b33fc4","3",0,0.578518518518519
"5cee69353057030001b33fc4","3",1,0.746428571428571
"5cee69353057030001b33fc4","5",0,0.574537037037037
"5cee69353057030001b33fc4","5",1,0.674814814814815
"5cf1824f1ae74d00015fbd39","3",0,0.709722222222222
"5cf1824f1ae74d00015fbd39","3",1,0.660648148148148
"5cf1824f1ae74d00015fbd39","5",0,0.712301587301587
"5cf1824f1ae74d00015fbd39","5",1,0.641168091168091
"5d0c90dc3382180015624ad9","3",0,0.999591526895882
"5d0c90dc3382180015624ad9","3",1,1
"5d0c90dc3382180015624ad9","5",0,0.999996385195477
"5d0c90dc3382180015624ad9","5",1,1
"5d1a69d8f97a18001977e0d7","3",0,0.736165364583333
"5d1a69d8f97a18001977e0d7","3",1,0.878580729166667
"5d1a69d8f97a18001977e0d7","5",0,0.73193359375
"5d1a69d8f97a18001977e0d7","5",1,0.855305989583333
"5d3f020cfd9694001a2d1a1c","3",0,0.780444444444444
"5d3f020cfd9694001a2d1a1c","3",1,0.815833333333333
"5d3f020cfd9694001a2d1a1c","5",0,0.786666666666667
"5d3f020cfd9694001a2d1a1c","5",1,0.814518518518519
"5d41925ef7b99500012b960e","3",0,0.795833333333333
"5d41925ef7b99500012b960e","3",1,0.81484375
"5d41925ef7b99500012b960e","5",0,0.808203125
"5d41925ef7b99500012b960e","5",1,0.784895833333333
"5d64426653ba680017d9f63a","3",0,0.981944444444444
"5d64426653ba680017d9f63a","3",1,0.969878472222222
"5d64426653ba680017d9f63a","5",0,0.958940972222222
"5d64426653ba680017d9f63a","5",1,0.987896825396825
"5d833b0e6642ee0001bfa9cb","3",0,0.629339477731152
"5d833b0e6642ee0001bfa9cb","3",1,0.839610855098999
"5d833b0e6642ee0001bfa9cb","5",0,0.780568356379059
"5d833b0e6642ee0001bfa9cb","5",1,0.760890937023937
"5d920df12b679a00182bbc73","3",0,0.453169515669516
"5d920df12b679a00182bbc73","3",1,0.776765046296296
"5d920df12b679a00182bbc73","5",0,0.632378472222222
"5d920df12b679a00182bbc73","5",1,0.662471064814815
"5d951ede9b6f880018f63b6e","3",0,0.9953125
"5d951ede9b6f880018f63b6e","3",1,0.990462962962963
"5d951ede9b6f880018f63b6e","5",0,0.997569444444444
"5d951ede9b6f880018f63b6e","5",1,0.995746527777778
"5dae21b2232c620011d6a06e","3",0,0.764444444444444
"5dae21b2232c620011d6a06e","3",1,0.929444444444444
"5dae21b2232c620011d6a06e","5",0,0.796527777777778
"5dae21b2232c620011d6a06e","5",1,0.946962962962963
"5dd05d80b2204f1487f7812c","3",0,0.598981481481481
"5dd05d80b2204f1487f7812c","3",1,0.823524305555556
"5dd05d80b2204f1487f7812c","5",0,0.515925925925926
"5dd05d80b2204f1487f7812c","5",1,0.788310185185185
"5dd7f591ad0a617838322129","3",0,0.669596354166667
"5dd7f591ad0a617838322129","3",1,0.727864583333333
"5dd7f591ad0a617838322129","5",0,0.700954861111111
"5dd7f591ad0a617838322129","5",1,0.713324652777778
"5ddf074601fadfe804d466a2","3",0,0.530902777777778
"5ddf074601fadfe804d466a2","3",1,0.833217592592593
"5ddf074601fadfe804d466a2","5",0,0.602314814814815
"5ddf074601fadfe804d466a2","5",1,0.850123456790123
"5ddf094935cf74e7e614743c","3",0,0.454074074074074
"5ddf094935cf74e7e614743c","3",1,0.633796296296296
"5ddf094935cf74e7e614743c","5",0,0.562962962962963
"5ddf094935cf74e7e614743c","5",1,0.550925925925926
"5de8d53cd0e07e836599d816","3",0,0.807037037037037
"5de8d53cd0e07e836599d816","3",1,0.637169312169312
"5de8d53cd0e07e836599d816","5",0,0.840856481481482
"5de8d53cd0e07e836599d816","5",1,0.633164983164983
"5dfb7cbd01423f8a774d893b","3",0,0.681746031746032
"5dfb7cbd01423f8a774d893b","3",1,0.999338624338624
"5dfb7cbd01423f8a774d893b","5",0,0.588095238095238
"5dfb7cbd01423f8a774d893b","5",1,1
"5dff767f69a117bc2fbd4be8","3",0,0.837152756585015
"5dff767f69a117bc2fbd4be8","3",1,0.611481458875868
"5dff767f69a117bc2fbd4be8","5",0,0.849884242481656
"5dff767f69a117bc2fbd4be8","5",1,0.565162001715766
"5e356b29d87fbf512a4cd090","3",0,0.509623015873016
"5e356b29d87fbf512a4cd090","3",1,0.780059523809524
"5e356b29d87fbf512a4cd090","5",0,0.563378684807256
"5e356b29d87fbf512a4cd090","5",1,0.789021164021164
"5e4eec948a243d34046ce39c","3",0,0.547164351851852
"5e4eec948a243d34046ce39c","3",1,0.592737268518518
"5e4eec948a243d34046ce39c","5",0,0.573350694444444
"5e4eec948a243d34046ce39c","5",1,0.607060185185185
"5e50ecfc5bac4311db8b381b","3",0,0.347638888888889
"5e50ecfc5bac4311db8b381b","3",1,0.575972222222222
"5e50ecfc5bac4311db8b381b","5",0,0.385555555555556
"5e50ecfc5bac4311db8b381b","5",1,0.437222222222222
"5e5521580ee1b951df544c3c","3",0,0.651331018518518
"5e5521580ee1b951df544c3c","3",1,0.840422453703704
"5e5521580ee1b951df544c3c","5",0,0.65697337962963
"5e5521580ee1b951df544c3c","5",1,0.707098765432099
"5e7987df47422a5443426cd7","3",0,0.7375
"5e7987df47422a5443426cd7","3",1,0.780555555555556
"5e7987df47422a5443426cd7","5",0,0.81362962962963
"5e7987df47422a5443426cd7","5",1,0.63959595959596
"5ea00d4b1286ee0008405450","3",0,0.933333333333333
"5ea00d4b1286ee0008405450","3",1,0.997592592592593
"5ea00d4b1286ee0008405450","5",0,1
"5ea00d4b1286ee0008405450","5",1,0.981349206349206
"5ef647ec3ce68a1178780f5a","3",0,0.824797453703704
"5ef647ec3ce68a1178780f5a","3",1,0.837818287037037
"5ef647ec3ce68a1178780f5a","5",0,0.773148148148148
"5ef647ec3ce68a1178780f5a","5",1,0.850154320987654
"5ef7204033605901ce86c0b0","3",0,0.522135416666667
"5ef7204033605901ce86c0b0","3",1,0.583506944444444
"5ef7204033605901ce86c0b0","5",0,0.694010416666667
"5ef7204033605901ce86c0b0","5",1,0.683919270833333
"5ef877bb6b0ed15b3f6ae106","3",0,0.999444444444444
"5ef877bb6b0ed15b3f6ae106","3",1,0.999444444444444
"5ef877bb6b0ed15b3f6ae106","5",0,1
"5ef877bb6b0ed15b3f6ae106","5",1,1
"5f392fae9168cc472f0468f6","3",0,0.885416666666667
"5f392fae9168cc472f0468f6","3",1,0.874441964285714
"5f392fae9168cc472f0468f6","5",0,0.907638888888889
"5f392fae9168cc472f0468f6","5",1,0.802897135416667
"5f4cbdf9f599118d27c21442","3",0,0.97356687345196
"5f4cbdf9f599118d27c21442","3",1,0.896337565795505
"5f4cbdf9f599118d27c21442","5",0,1
"5f4cbdf9f599118d27c21442","5",1,1
"5f974c72a0ed8c0f9ce724ea","3",0,0.785679012345679
"5f974c72a0ed8c0f9ce724ea","3",1,0.961226851851852
"5f974c72a0ed8c0f9ce724ea","5",0,0.817901234567901
"5f974c72a0ed8c0f9ce724ea","5",1,0.890617283950617
"5fbb89e20ddd50a66ab62a67","3",0,0.836458333333333
"5fbb89e20ddd50a66ab62a67","3",1,0.999826388888889
"5fbb89e20ddd50a66ab62a67","5",0,0.897743055555556
"5fbb89e20ddd50a66ab62a67","5",1,0.946296296296296
"5fd8ea198512a801831f6b85","3",0,0.705291005291005
"5fd8ea198512a801831f6b85","3",1,0.770493827160494
"5fd8ea198512a801831f6b85","5",0,0.694074074074074
"5fd8ea198512a801831f6b85","5",1,0.76412037037037
"5fed47cfcb429d79af4f8ded","3",0,0.771354166666667
"5fed47cfcb429d79af4f8ded","3",1,0.863034188034188
"5fed47cfcb429d79af4f8ded","5",0,0.791579861111111
"5fed47cfcb429d79af4f8ded","5",1,0.815277777777778
"6002ae1ea178912bfa128adf","3",0,0.21010101010101
"6002ae1ea178912bfa128adf","3",1,0.377350427350427
"6002ae1ea178912bfa128adf","5",0,0.344444444444444
"6002ae1ea178912bfa128adf","5",1,0.319444444444444
"6005331b282af2704b3e9854","3",0,0.700231481481482
"6005331b282af2704b3e9854","3",1,0.684114583333333
"6005331b282af2704b3e9854","5",0,0.694568452380952
"6005331b282af2704b3e9854","5",1,0.71969696969697
"601129f77e0c21000b0c408a","3",0,1
"601129f77e0c21000b0c408a","3",1,0.86624053030303
"601129f77e0c21000b0c408a","5",0,0.986490885416667
"601129f77e0c21000b0c408a","5",1,0.921401515151515
"6016bbe3a28c6014fd3236b8","3",0,0.854817708333333
"6016bbe3a28c6014fd3236b8","3",1,0.88818359375
"6016bbe3a28c6014fd3236b8","5",0,0.897135416666667
"6016bbe3a28c6014fd3236b8","5",1,0.781486742424242
"601958c0af6453017a0cbbd4","3",0,0.888020833333333
"601958c0af6453017a0cbbd4","3",1,0.904513888888889
"601958c0af6453017a0cbbd4","5",0,0.90283203125
"601958c0af6453017a0cbbd4","5",1,0.903125
"603e2035a82afdd77cc17f58","3",0,0.944618055555556
"603e2035a82afdd77cc17f58","3",1,0.912962962962963
"603e2035a82afdd77cc17f58","5",0,0.970659722222222
"603e2035a82afdd77cc17f58","5",1,0.911111111111111
"606dea112436631b694c56ad","3",0,0.379761904761905
"606dea112436631b694c56ad","3",1,0.867407407407407
"606dea112436631b694c56ad","5",0,0.533333333333333
"606dea112436631b694c56ad","5",1,0.691666666666667
"609140cea1442672dd2141d7","3",0,0.850877192982456
"609140cea1442672dd2141d7","3",1,0.939912280701754
"609140cea1442672dd2141d7","5",0,0.91296600877193
"609140cea1442672dd2141d7","5",1,0.883771929824561
"609c34dac301d73f3684005d","3",0,0.722842261904762
"609c34dac301d73f3684005d","3",1,0.596912202380952
"609c34dac301d73f3684005d","5",0,0.702777777777778
"609c34dac301d73f3684005d","5",1,0.727083333333333
"609d1ddf6aa3ba55f1bf4267","3",0,0.840344551282051
"609d1ddf6aa3ba55f1bf4267","3",1,0.880208333333333
"609d1ddf6aa3ba55f1bf4267","5",0,0.772321428571429
"609d1ddf6aa3ba55f1bf4267","5",1,0.856076388888889
"60aad516e34718d318bfb44d","3",0,0.561086483996313
"60aad516e34718d318bfb44d","3",1,0.755608744752179
"60aad516e34718d318bfb44d","5",0,0.450164219673665
"60aad516e34718d318bfb44d","5",1,0.694085152489327
"60aff9a6354c706f21c27da1","3",0,0.6005859375
"60aff9a6354c706f21c27da1","3",1,0.6171875
"60aff9a6354c706f21c27da1","5",0,0.584147135416667
"60aff9a6354c706f21c27da1","5",1,0.635633680555556
"60b86ca5f6cdbe9f29e1dafd","3",0,0.793923611111111
"60b86ca5f6cdbe9f29e1dafd","3",1,0.811686197916667
"60b86ca5f6cdbe9f29e1dafd","5",0,0.760243055555556
"60b86ca5f6cdbe9f29e1dafd","5",1,0.611177884615385
"6101b0dc5a0b2fb266da3699","3",0,0.641111111111111
"6101b0dc5a0b2fb266da3699","3",1,0.703240740740741
"6101b0dc5a0b2fb266da3699","5",0,0.61283950617284
"6101b0dc5a0b2fb266da3699","5",1,0.684606481481482
"6110c7e6ccdfb13e3dde5f4f","3",0,0.895109953703704
"6110c7e6ccdfb13e3dde5f4f","3",1,0.88208912037037
"6110c7e6ccdfb13e3dde5f4f","5",0,0.899305555555556
"6110c7e6ccdfb13e3dde5f4f","5",1,0.888454861111111
"611578fe8cbea39bf4928b6d","3",0,1
"611578fe8cbea39bf4928b6d","3",1,1
"611578fe8cbea39bf4928b6d","5",0,1
"611578fe8cbea39bf4928b6d","5",1,1
"612b5a2c55286e4cf74a63ee","3",0,0.418287037037037
"612b5a2c55286e4cf74a63ee","3",1,0.798900462962963
"612b5a2c55286e4cf74a63ee","5",0,0.635185185185185
"612b5a2c55286e4cf74a63ee","5",1,0.723148148148148
"6137753896c9b6b5813a2432","3",0,0.835416666666667
"6137753896c9b6b5813a2432","3",1,0.857421875
"6137753896c9b6b5813a2432","5",0,0.829985119047619
"6137753896c9b6b5813a2432","5",1,0.784784226190476
"6145135f01ab17bf41e67820","3",0,0.5009765625
"6145135f01ab17bf41e67820","3",1,0.647135416666667
"6145135f01ab17bf41e67820","5",0,0.635091145833333
"6145135f01ab17bf41e67820","5",1,0.548958333333333
"614618f3146cc85f803c4e69","3",0,0.650040064102564
"614618f3146cc85f803c4e69","3",1,0.718936011904762
"614618f3146cc85f803c4e69","5",0,0.683430989583333
"614618f3146cc85f803c4e69","5",1,0.609747023809524
"6149cdfabc3c34aedf3cdf90","3",0,0.630833333333333
"6149cdfabc3c34aedf3cdf90","3",1,0.543333333333333
"6149cdfabc3c34aedf3cdf90","5",0,0.5734375
"6149cdfabc3c34aedf3cdf90","5",1,0.599404761904762
"614e343d989014aedf948e68","3",0,0.791666666666667
"614e343d989014aedf948e68","3",1,0.738888888888889
"614e343d989014aedf948e68","5",0,0.713968253968254
"614e343d989014aedf948e68","5",1,0.725972222222222
"614f6bad672ef7cf5ecfd965","3",0,0.9170692431562
"614f6bad672ef7cf5ecfd965","3",1,0.97493961352657
"614f6bad672ef7cf5ecfd965","5",0,0.926177536231884
"614f6bad672ef7cf5ecfd965","5",1,0.953049516908213
"6235d96c087939dba5586d97","3",0,0.709012345679012
"6235d96c087939dba5586d97","3",1,0.985763888888889
"6235d96c087939dba5586d97","5",0,0.872098765432099
"6235d96c087939dba5586d97","5",1,0.884259259259259
"6266a4e5846e1e41812a0432","3",0,0.77037037037037
"6266a4e5846e1e41812a0432","3",1,0.822863247863248
"6266a4e5846e1e41812a0432","5",0,0.8390625
"6266a4e5846e1e41812a0432","5",1,0.9125
"6297560d968633ad5b83b745","3",0,0.894907407407407
"6297560d968633ad5b83b745","3",1,0.96802662037037
"6297560d968633ad5b83b745","5",0,0.974247685185185
"6297560d968633ad5b83b745","5",1,0.855654761904762
"629e11c0d89e0c18f21e687a","3",0,0.606823483670295
"629e11c0d89e0c18f21e687a","3",1,0.643079315707621
"629e11c0d89e0c18f21e687a","5",0,0.677682737169518
"629e11c0d89e0c18f21e687a","5",1,0.511404872991187
"629f6b8c65fcae219e245284","3",0,0.931570762052877
"629f6b8c65fcae219e245284","3",1,0.998201788491446
"629f6b8c65fcae219e245284","5",0,0.948211508553655
"629f6b8c65fcae219e245284","5",1,0.99902799377916
"62a0c0374527c89e98fc204c","3",0,0.699869791666667
"62a0c0374527c89e98fc204c","3",1,0.65625
"62a0c0374527c89e98fc204c","5",0,0.672395833333333
"62a0c0374527c89e98fc204c","5",1,0.704296875
"62b1ed0bcc6beb2773ac1db7","3",0,0.702717391304348
"62b1ed0bcc6beb2773ac1db7","3",1,0.751505016722408
"62b1ed0bcc6beb2773ac1db7","5",0,0.718478260869565
"62b1ed0bcc6beb2773ac1db7","5",1,0.814347826086957
"62d7443567d945a729647935","3",0,0.776913580246914
"62d7443567d945a729647935","3",1,0.663960113960114
"62d7443567d945a729647935","5",0,0.797643097643098
"62d7443567d945a729647935","5",1,0.666666666666667
"62db2644ab0a3a353c0dcb54","3",0,0.635678915819651
"62db2644ab0a3a353c0dcb54","3",1,0.792363825905655
"62db2644ab0a3a353c0dcb54","5",0,0.651733124837112
"62db2644ab0a3a353c0dcb54","5",1,0.72093153133028
"63076cd447ae6e2366804685","3",0,0.971
"63076cd447ae6e2366804685","3",1,1
"63076cd447ae6e2366804685","5",0,0.914375
"63076cd447ae6e2366804685","5",1,0.923571428571429
"63168f7ba0f7cbed362cf30b","3",0,0.997916666666667
"63168f7ba0f7cbed362cf30b","3",1,1
"63168f7ba0f7cbed362cf30b","5",0,1
"63168f7ba0f7cbed362cf30b","5",1,1
"631c8e97db06f601f81bd82f","3",0,0.834938271604938
"631c8e97db06f601f81bd82f","3",1,0.914814814814815
"631c8e97db06f601f81bd82f","5",0,0.861904761904762
"631c8e97db06f601f81bd82f","5",1,0.908518518518519
"632b9d9bc38454f47019295c","3",0,0.669560185185185
"632b9d9bc38454f47019295c","3",1,0.630125661375661
"632b9d9bc38454f47019295c","5",0,0.695457175925926
"632b9d9bc38454f47019295c","5",1,0.687345679012346
"6346a9acc2a832b58c8e7229","3",0,0.586689814814815
"6346a9acc2a832b58c8e7229","3",1,0.791851851851852
"6346a9acc2a832b58c8e7229","5",0,0.623703703703704
"6346a9acc2a832b58c8e7229","5",1,0.845802469135802
"6346d43493a4f14e735bc630","3",0,0.808001834865726
"6346d43493a4f14e735bc630","3",1,0.579143165682215
"6346d43493a4f14e735bc630","5",0,0.767807700565297
"6346d43493a4f14e735bc630","5",1,0.754014540358524
"6347200d8ded5172ec43e0bb","3",0,0.859635416666667
"6347200d8ded5172ec43e0bb","3",1,0.775173611111111
"6347200d8ded5172ec43e0bb","5",0,0.852517361111111
"6347200d8ded5172ec43e0bb","5",1,0.848703703703704
"63474e67a5fd298c6103c409","3",0,0.364969135802469
"63474e67a5fd298c6103c409","3",1,0.793981481481482
"63474e67a5fd298c6103c409","5",0,0.365596064814815
"63474e67a5fd298c6103c409","5",1,0.730864197530864
"637fbedd06b96e980ee37a6d","3",0,0.662777777777778
"637fbedd06b96e980ee37a6d","3",1,0.82875
"637fbedd06b96e980ee37a6d","5",0,0.633472222222222
"637fbedd06b96e980ee37a6d","5",1,0.775555555555556
"63af557b3d4f219c3226b7d6","3",0,0.734548611111111
"63af557b3d4f219c3226b7d6","3",1,0.974305555555556
"63af557b3d4f219c3226b7d6","5",0,0.793402777777778
"63af557b3d4f219c3226b7d6","5",1,0.943849206349206
"63c15473935ae0d7279b094f","3",0,0.627662037037037
"63c15473935ae0d7279b094f","3",1,0.732291666666667
"63c15473935ae0d7279b094f","5",0,0.647222222222222
"63c15473935ae0d7279b094f","5",1,0.725679012345679
"63c5869714c648472e253347","3",0,0.987413194444444
"63c5869714c648472e253347","3",1,0.983796296296296
"63c5869714c648472e253347","5",0,0.98641975308642
"63c5869714c648472e253347","5",1,0.972387566137566
"63ced717cb553d29a3beac43","3",0,0.94765625
"63ced717cb553d29a3beac43","3",1,0.955
"63ced717cb553d29a3beac43","5",0,0.963333333333333
"63ced717cb553d29a3beac43","5",1,0.95625
"63d79d9bdcff357d2f18fff0","3",0,0.325428769936921
"63d79d9bdcff357d2f18fff0","3",1,0.823182883950685
"63d79d9bdcff357d2f18fff0","5",0,0.270883198205168
"63d79d9bdcff357d2f18fff0","5",1,0.792779975919029
"63d79f49175ff7b8a55787b7","3",0,0.419675925925926
"63d79f49175ff7b8a55787b7","3",1,0.702777777777778
"63d79f49175ff7b8a55787b7","5",0,0.476273148148148
"63d79f49175ff7b8a55787b7","5",1,0.703240740740741
"63d79fcd741f9cfb2f87152f","3",0,0.902104591836735
"63d79fcd741f9cfb2f87152f","3",1,0.987882653061224
"63d79fcd741f9cfb2f87152f","5",0,0.868728741496599
"63d79fcd741f9cfb2f87152f","5",1,0.947052154195011
"63d7ac4c9acdaa357a0ae2d3","3",0,0.918258101851852
"63d7ac4c9acdaa357a0ae2d3","3",1,0.78956228956229
"63d7ac4c9acdaa357a0ae2d3","5",0,0.909288194444444
"63d7ac4c9acdaa357a0ae2d3","5",1,0.760609567901235
"63d7cd776c3b50b48eabd288","3",0,0.810518518518519
"63d7cd776c3b50b48eabd288","3",1,0.714444444444444
"63d7cd776c3b50b48eabd288","5",0,0.871388888888889
"63d7cd776c3b50b48eabd288","5",1,0.589074074074074
"63e55908254a436361a6787b","3",0,0.965277777777778
"63e55908254a436361a6787b","3",1,0.944791666666667
"63e55908254a436361a6787b","5",0,0.900173611111111
"63e55908254a436361a6787b","5",1,0.886545138888889
"63eb2d502000e8e4c8bf84df","3",0,0.872905331628945
"63eb2d502000e8e4c8bf84df","3",1,0.805745475236248
"63eb2d502000e8e4c8bf84df","5",0,0.86321250242692
"63eb2d502000e8e4c8bf84df","5",1,0.866030552279094
"6400e00a3cf40dffc3b211c5","3",0,0.999768518518519
"6400e00a3cf40dffc3b211c5","3",1,0.984490740740741
"6400e00a3cf40dffc3b211c5","5",0,0.979050925925926
"6400e00a3cf40dffc3b211c5","5",1,0.876041666666667
"6413a4a1a6e064ffb173f1ce","3",0,0.777083333333333
"6413a4a1a6e064ffb173f1ce","3",1,0.97314453125
"6413a4a1a6e064ffb173f1ce","5",0,0.830902777777778
"6413a4a1a6e064ffb173f1ce","5",1,0.851909722222222
"64401708880c30ec28b9aef4","3",0,0.798015873015873
"64401708880c30ec28b9aef4","3",1,0.883862433862434
"64401708880c30ec28b9aef4","5",0,0.722569444444444
"64401708880c30ec28b9aef4","5",1,0.882621082621083
"644cdee223c4b93bf46c7301","3",0,0.955026455026455
"644cdee223c4b93bf46c7301","3",1,0.97337962962963
"644cdee223c4b93bf46c7301","5",0,0.963425925925926
"644cdee223c4b93bf46c7301","5",1,0.970512820512821
"644f8c80b71e16db44251de7","3",0,0.796130952380952
"644f8c80b71e16db44251de7","3",1,0.786265432098765
"644f8c80b71e16db44251de7","5",0,0.786541005291005
"644f8c80b71e16db44251de7","5",1,0.793803418803419
"6457707a43430c565103290a","3",0,0.647530864197531
"6457707a43430c565103290a","3",1,0.810416666666667
"6457707a43430c565103290a","5",0,0.685532407407407
"6457707a43430c565103290a","5",1,0.68452380952381
"646bd812bf93129feeb5a3dc","3",0,0.728888888888889
"646bd812bf93129feeb5a3dc","3",1,0.946518518518519
"646bd812bf93129feeb5a3dc","5",0,0.849305555555556
"646bd812bf93129feeb5a3dc","5",1,0.733809523809524
"646ff124ef129159bf5f08f7","3",0,0.900297619047619
"646ff124ef129159bf5f08f7","3",1,0.958027210884354
"646ff124ef129159bf5f08f7","5",0,0.962559523809524
"646ff124ef129159bf5f08f7","5",1,0.867936507936508
"6475f6ae824f9aa5342903fa","3",0,0.936848958333333
"6475f6ae824f9aa5342903fa","3",1,0.933756510416667
"6475f6ae824f9aa5342903fa","5",0,0.933779761904762
"6475f6ae824f9aa5342903fa","5",1,0.944661458333333
"647c11e00f8cdbe4b5dd1e76","3",0,1
"647c11e00f8cdbe4b5dd1e76","3",1,1
"647c11e00f8cdbe4b5dd1e76","5",0,1
"647c11e00f8cdbe4b5dd1e76","5",1,1
"64b00963c1ea5bb33dc30910","3",0,0.866373697916667
"64b00963c1ea5bb33dc30910","3",1,0.948567708333333
"64b00963c1ea5bb33dc30910","5",0,0.909993489583333
"64b00963c1ea5bb33dc30910","5",1,0.659054487179487
"6512ae672f906eda39b7e9db","3",0,0.936979166666667
"6512ae672f906eda39b7e9db","3",1,0.998958333333333
"6512ae672f906eda39b7e9db","5",0,0.9796875
"6512ae672f906eda39b7e9db","5",1,0.995138888888889
"653403fb4c4cee1065807251","3",0,0.92025462962963
"653403fb4c4cee1065807251","3",1,0.924814814814815
"653403fb4c4cee1065807251","5",0,0.947685185185185
"653403fb4c4cee1065807251","5",1,0.807037037037037
"653e69acd1d1340f02fa4cbc","3",0,0.978148148148148
"653e69acd1d1340f02fa4cbc","3",1,0.724444444444444
"653e69acd1d1340f02fa4cbc","5",0,0.92037037037037
"653e69acd1d1340f02fa4cbc","5",1,0.800297619047619
"653fcf588ab0516beb4bf546","3",0,0.827272727272727
"653fcf588ab0516beb4bf546","3",1,0.97796875
"653fcf588ab0516beb4bf546","5",0,0.84515625
"653fcf588ab0516beb4bf546","5",1,0.891666666666667
"65453253bc5bdf5e764ee25d","3",0,0.492901234567901
"65453253bc5bdf5e764ee25d","3",1,0.776785714285714
"65453253bc5bdf5e764ee25d","5",0,0.564484126984127
"65453253bc5bdf5e764ee25d","5",1,0.842096560846561
"654e3fca4ff8d33df725feae","3",0,0.488607075922505
"654e3fca4ff8d33df725feae","3",1,0.740310319700453
"654e3fca4ff8d33df725feae","5",0,0.627538269300157
"654e3fca4ff8d33df725feae","5",1,0.639048344274981
"6558c58db755a27c943a30ab","3",0,0.932738095238095
"6558c58db755a27c943a30ab","3",1,0.99765625
"6558c58db755a27c943a30ab","5",0,0.916493055555556
"6558c58db755a27c943a30ab","5",1,0.998871527777778
"655a97bf4d75ee9bf7ab0794","3",0,0.709606481481482
"655a97bf4d75ee9bf7ab0794","3",1,0.993171296296296
"655a97bf4d75ee9bf7ab0794","5",0,0.816203703703704
"655a97bf4d75ee9bf7ab0794","5",1,0.92974537037037
"655b9fdb9904f16befe27604","3",0,0.558611111111111
"655b9fdb9904f16befe27604","3",1,0.778518518518518
"655b9fdb9904f16befe27604","5",0,0.567407407407407
"655b9fdb9904f16befe27604","5",1,0.823703703703704
"656125ea917d5c4c6f1abbc1","3",0,0.589756944444444
"656125ea917d5c4c6f1abbc1","3",1,0.757486979166667
"656125ea917d5c4c6f1abbc1","5",0,0.514485677083333
"656125ea917d5c4c6f1abbc1","5",1,0.682849702380952
"65639c2f102822f13aa7531c","3",0,0.999804512959663
"65639c2f102822f13aa7531c","3",1,0.999944146562757
"65639c2f102822f13aa7531c","5",0,0.998799151029368
"65639c2f102822f13aa7531c","5",1,0.966647516917516
"656de94bf069f0a1446f47c5","3",0,0.8076171875
"656de94bf069f0a1446f47c5","3",1,0.837890625
"656de94bf069f0a1446f47c5","5",0,0.796875
"656de94bf069f0a1446f47c5","5",1,0.8818359375
"659cc63ff59c72a20e2b7688","3",0,0.680888888888889
"659cc63ff59c72a20e2b7688","3",1,0.743555555555556
"659cc63ff59c72a20e2b7688","5",0,0.75031746031746
"659cc63ff59c72a20e2b7688","5",1,0.800416666666667
"65a69840034890b79a097d95","3",0,0.695833333333333
"65a69840034890b79a097d95","3",1,0.801746031746032
"65a69840034890b79a097d95","5",0,0.728888888888889
"65a69840034890b79a097d95","5",1,0.731111111111111
"65b11897c8192342e57e9787","3",0,0.842881944444444
"65b11897c8192342e57e9787","3",1,0.849652777777778
"65b11897c8192342e57e9787","5",0,0.838053385416667
"65b11897c8192342e57e9787","5",1,0.830208333333333
"65b7b0e4e6fa7d632205b4b6","3",0,0.795555555555556
"65b7b0e4e6fa7d632205b4b6","3",1,0.917013888888889
"65b7b0e4e6fa7d632205b4b6","5",0,0.904166666666667
"65b7b0e4e6fa7d632205b4b6","5",1,0.816269841269841
"65c072fe454cef4b9b1ab25f","3",0,0.922453703703704
"65c072fe454cef4b9b1ab25f","3",1,0.920833333333333
"65c072fe454cef4b9b1ab25f","5",0,0.937407407407407
"65c072fe454cef4b9b1ab25f","5",1,0.898958333333333
"65cb625823c5a307bd039838","3",0,0.821527777777778
"65cb625823c5a307bd039838","3",1,0.947361111111111
"65cb625823c5a307bd039838","5",0,0.844888888888889
"65cb625823c5a307bd039838","5",1,0.873481481481482
"65dca445b7cc34ec8acfc80f","3",0,0.989583333333333
"65dca445b7cc34ec8acfc80f","3",1,0.997800925925926
"65dca445b7cc34ec8acfc80f","5",0,0.970949074074074
"65dca445b7cc34ec8acfc80f","5",1,1
"65de4665c095e54d2444e20a","3",0,0.485185185185185
"65de4665c095e54d2444e20a","3",1,0.556148148148148
"65de4665c095e54d2444e20a","5",0,0.679047619047619
"65de4665c095e54d2444e20a","5",1,0.530793650793651
"65f2ae114ff6eaf05df92566","3",0,0.98070652173913
"65f2ae114ff6eaf05df92566","3",1,1
"65f2ae114ff6eaf05df92566","5",0,0.993342391304348
"65f2ae114ff6eaf05df92566","5",1,1
"6607fceba47fef4f01ec4605","3",0,0.798755787037037
"6607fceba47fef4f01ec4605","3",1,0.833188657407407
"6607fceba47fef4f01ec4605","5",0,0.803385416666667
"6607fceba47fef4f01ec4605","5",1,0.798765432098765
"660abfd1b4f90c39abdfb887","3",0,0.665922619047619
"660abfd1b4f90c39abdfb887","3",1,0.72607421875
"660abfd1b4f90c39abdfb887","5",0,0.714192708333333
"660abfd1b4f90c39abdfb887","5",1,0.720703125
"660c0330fac0146521c4d0cb","3",0,0.85322265625
"660c0330fac0146521c4d0cb","3",1,0.937890625
"660c0330fac0146521c4d0cb","5",0,0.941796875
"660c0330fac0146521c4d0cb","5",1,0.945104166666667
"66106de7b3f2dbb98745308c","3",0,0.737037037037037
"66106de7b3f2dbb98745308c","3",1,0.873333333333333
"66106de7b3f2dbb98745308c","5",0,0.839930555555556
"66106de7b3f2dbb98745308c","5",1,0.946428571428571
"66155607a7f8c623df21f8ff","3",0,0.737152777777778
"66155607a7f8c623df21f8ff","3",1,0.768650793650794
"66155607a7f8c623df21f8ff","5",0,0.758862433862434
"66155607a7f8c623df21f8ff","5",1,0.752932098765432
"6616cb2e70225899688b7f69","3",0,0.807561728395062
"6616cb2e70225899688b7f69","3",1,0.805555555555556
"6616cb2e70225899688b7f69","5",0,0.821180555555556
"6616cb2e70225899688b7f69","5",1,0.820023148148148
"662a33b22380e295d70b3c04","3",0,1
"662a33b22380e295d70b3c04","3",1,1
"662a33b22380e295d70b3c04","5",0,1
"662a33b22380e295d70b3c04","5",1,1
"66338f4346e84e4f0469bc21","3",0,0.677546296296296
"66338f4346e84e4f0469bc21","3",1,0.732175925925926
"66338f4346e84e4f0469bc21","5",0,0.69525462962963
"66338f4346e84e4f0469bc21","5",1,0.693333333333333
"66339e69096405b36663468b","3",0,0.9955
"66339e69096405b36663468b","3",1,1
"66339e69096405b36663468b","5",0,0.99984375
"66339e69096405b36663468b","5",1,0.98890625
"66341aa2ba380c734a4bbf24","3",0,0.960296296296296
"66341aa2ba380c734a4bbf24","3",1,0.919861111111111
"66341aa2ba380c734a4bbf24","5",0,0.913472222222222
"66341aa2ba380c734a4bbf24","5",1,0.953194444444444
"6638e643284b804701f00535","3",0,1
"6638e643284b804701f00535","3",1,1
"6638e643284b804701f00535","5",0,1
"6638e643284b804701f00535","5",1,1
"663a9a69d6f430dd18e2282a","3",0,0.624305555555556
"663a9a69d6f430dd18e2282a","3",1,0.728888888888889
"663a9a69d6f430dd18e2282a","5",0,0.7375
"663a9a69d6f430dd18e2282a","5",1,0.58962962962963
"663cd6f1d0b74ddb4f232417","3",0,0.704513888888889
"663cd6f1d0b74ddb4f232417","3",1,0.8125
"663cd6f1d0b74ddb4f232417","5",0,0.668981481481482
"663cd6f1d0b74ddb4f232417","5",1,0.881944444444444
"6640bdfe02e53e598b28c8a8","3",0,0.614583333333333
"6640bdfe02e53e598b28c8a8","3",1,0.650462962962963
"6640bdfe02e53e598b28c8a8","5",0,0.560493827160494
"6640bdfe02e53e598b28c8a8","5",1,0.678703703703704
"664233ecf808ec79e59f3d4e","3",0,0.695095486111111
"664233ecf808ec79e59f3d4e","3",1,0.855034722222222
"664233ecf808ec79e59f3d4e","5",0,0.922960069444444
"664233ecf808ec79e59f3d4e","5",1,0.740017361111111
"6643d4f105748c36f71dbbba","3",0,0.994444444444444
"6643d4f105748c36f71dbbba","3",1,0.992513020833333
"6643d4f105748c36f71dbbba","5",0,0.9892578125
"6643d4f105748c36f71dbbba","5",1,0.995138888888889
"6645b72a1a5f7902bfd57b52","3",0,0.621428571428571
"6645b72a1a5f7902bfd57b52","3",1,0.75125
"6645b72a1a5f7902bfd57b52","5",0,0.6665
"6645b72a1a5f7902bfd57b52","5",1,0.689375
"664a00422cc4493facd873b8","3",0,0.435719373219373
"664a00422cc4493facd873b8","3",1,0.695601851851852
"664a00422cc4493facd873b8","5",0,0.518518518518518
"664a00422cc4493facd873b8","5",1,0.560541310541311
"664a1bcbac985050a4575af2","3",0,0.895833333333333
"664a1bcbac985050a4575af2","3",1,0.820864197530864
"664a1bcbac985050a4575af2","5",0,0.919097222222222
"664a1bcbac985050a4575af2","5",1,0.828356481481481
"664a5be05bc29332beb2fced","3",0,0.680729166666667
"664a5be05bc29332beb2fced","3",1,0.809733072916667
"664a5be05bc29332beb2fced","5",0,0.7080078125
"664a5be05bc29332beb2fced","5",1,0.764583333333333
"664cc974cb25cb2deeaa7ce3","3",0,0.575
"664cc974cb25cb2deeaa7ce3","3",1,0.767361111111111
"664cc974cb25cb2deeaa7ce3","5",0,0.665555555555556
"664cc974cb25cb2deeaa7ce3","5",1,0.707361111111111
"665288637afb1c6f9ef2d257","3",0,0.961516203703704
"665288637afb1c6f9ef2d257","3",1,0.966869212962963
"665288637afb1c6f9ef2d257","5",0,0.955150462962963
"665288637afb1c6f9ef2d257","5",1,0.925569800569801
"66535d8a3c3bf682d4edf6bd","3",0,0.879166666666667
"66535d8a3c3bf682d4edf6bd","3",1,0.968611111111111
"66535d8a3c3bf682d4edf6bd","5",0,0.945277777777778
"66535d8a3c3bf682d4edf6bd","5",1,0.93875
"6654ea31b450c037ef242412","3",0,0.6584375
"6654ea31b450c037ef242412","3",1,0.808666666666667
"6654ea31b450c037ef242412","5",0,0.68171875
"6654ea31b450c037ef242412","5",1,0.680714285714286
"66557f0971ec7621de8bb6ee","3",0,0.548190235690236
"66557f0971ec7621de8bb6ee","3",1,0.638020833333333
"66557f0971ec7621de8bb6ee","5",0,0.573539886039886
"66557f0971ec7621de8bb6ee","5",1,0.643939393939394
"6655ff56aa1add00251d414c","3",0,0.351190476190476
"6655ff56aa1add00251d414c","3",1,0.534143518518518
"6655ff56aa1add00251d414c","5",0,0.328125
"6655ff56aa1add00251d414c","5",1,0.494444444444444
"66572c6bd2800e36fb585648","3",0,0.8515625
"66572c6bd2800e36fb585648","3",1,0.963293650793651
"66572c6bd2800e36fb585648","5",0,0.868402777777778
"66572c6bd2800e36fb585648","5",1,0.940925925925926
"6658a7f614d62a1049b4a850","3",0,0.754166666666667
"6658a7f614d62a1049b4a850","3",1,0.749565972222222
"6658a7f614d62a1049b4a850","5",0,0.708796296296296
"6658a7f614d62a1049b4a850","5",1,0.637876157407407
"6658b2838b4168451b3ce2f2","3",0,0.962053571428571
"6658b2838b4168451b3ce2f2","3",1,0.899285714285714
"6658b2838b4168451b3ce2f2","5",0,0.909375
"6658b2838b4168451b3ce2f2","5",1,0.920424107142857
"6658b60fc23685ce203abdc5","3",0,0.797037037037037
"6658b60fc23685ce203abdc5","3",1,0.838227513227513
"6658b60fc23685ce203abdc5","5",0,0.872800925925926
"6658b60fc23685ce203abdc5","5",1,0.697751322751323
"6658ba167affbe300577b93d","3",0,0.725555555555556
"6658ba167affbe300577b93d","3",1,0.775694444444444
"6658ba167affbe300577b93d","5",0,0.724296296296296
"6658ba167affbe300577b93d","5",1,0.683472222222222
"6658c8583d9792782e2640f9","3",0,0.414641203703704
"6658c8583d9792782e2640f9","3",1,0.457465277777778
"6658c8583d9792782e2640f9","5",0,0.408420138888889
"6658c8583d9792782e2640f9","5",1,0.400318287037037
"6659ca258380c37592d9972b","3",0,0.746875
"6659ca258380c37592d9972b","3",1,0.839814814814815
"6659ca258380c37592d9972b","5",0,0.681666666666667
"6659ca258380c37592d9972b","5",1,0.797314814814815
"6659ccc3f36826e67d30e439","3",0,0.432098765432099
"6659ccc3f36826e67d30e439","3",1,0.591435185185185
"6659ccc3f36826e67d30e439","5",0,0.468981481481481
"6659ccc3f36826e67d30e439","5",1,0.572723765432099
"6659f7b686070a60418a9b41","3",0,0.6765625
"6659f7b686070a60418a9b41","3",1,0.711689814814815
"6659f7b686070a60418a9b41","5",0,0.5640625
"6659f7b686070a60418a9b41","5",1,0.683333333333333
"6659fa0eb4d2041c2fe81f61","3",0,0.799623842592593
"6659fa0eb4d2041c2fe81f61","3",1,0.884982638888889
"6659fa0eb4d2041c2fe81f61","5",0,0.854021990740741
"6659fa0eb4d2041c2fe81f61","5",1,0.871913580246914
"665a2f33fadedd5a395d81a3","3",0,0.903456790123457
"665a2f33fadedd5a395d81a3","3",1,1
"665a2f33fadedd5a395d81a3","5",0,0.923148148148148
"665a2f33fadedd5a395d81a3","5",1,1
"665a392b537d70071c3c123f","3",0,0.734953703703704
"665a392b537d70071c3c123f","3",1,0.796875
"665a392b537d70071c3c123f","5",0,0.746990740740741
"665a392b537d70071c3c123f","5",1,0.758912037037037
"665a610f038c720d5b9820f0","3",0,0.974305555555556
"665a610f038c720d5b9820f0","3",1,1
"665a610f038c720d5b9820f0","5",0,0.978993055555556
"665a610f038c720d5b9820f0","5",1,1
"665ac832a7acb565414e8f4d","3",0,0.744328703703704
"665ac832a7acb565414e8f4d","3",1,0.934606481481482
"665ac832a7acb565414e8f4d","5",0,0.730324074074074
"665ac832a7acb565414e8f4d","5",1,0.86724537037037
"665ca5c19424301a3658f79c","3",0,0.682942708333333
"665ca5c19424301a3658f79c","3",1,0.927734375
"665ca5c19424301a3658f79c","5",0,0.632102272727273
"665ca5c19424301a3658f79c","5",1,0.90673828125
"665e406a0f22e57ff8be5cde","3",0,0.904444444444444
"665e406a0f22e57ff8be5cde","3",1,0.905833333333333
"665e406a0f22e57ff8be5cde","5",0,0.936349206349206
"665e406a0f22e57ff8be5cde","5",1,0.953037037037037
"665eecb1e47b6bfcbda3e237","3",0,0.863773148148148
"665eecb1e47b6bfcbda3e237","3",1,0.913425925925926
"665eecb1e47b6bfcbda3e237","5",0,0.870601851851852
"665eecb1e47b6bfcbda3e237","5",1,0.843732193732194
"665f1007be124a7cd9390dfd","3",0,0.789508196760397
"665f1007be124a7cd9390dfd","3",1,0.762763466084031
"665f1007be124a7cd9390dfd","5",0,0.779888758824078
"665f1007be124a7cd9390dfd","5",1,0.785889929784266
"666071fae6dc148f5fd91902","3",0,0.70216802167214
"666071fae6dc148f5fd91902","3",1,0.863228319775626
"666071fae6dc148f5fd91902","5",0,0.699419279899008
"666071fae6dc148f5fd91902","5",1,0.824065040642868
"6662cbaedf0c993cd37ffb83","3",0,0.607777777777778
"6662cbaedf0c993cd37ffb83","3",1,0.602638888888889
"6662cbaedf0c993cd37ffb83","5",0,0.575
"6662cbaedf0c993cd37ffb83","5",1,0.724
"66635a98b8f8592b269bf228","3",0,0.725260416666667
"66635a98b8f8592b269bf228","3",1,0.862847222222222
"66635a98b8f8592b269bf228","5",0,0.836882716049383
"66635a98b8f8592b269bf228","5",1,0.822751322751323
"6669a01d55f07dff4a75de92","3",0,0.669142857142857
"6669a01d55f07dff4a75de92","3",1,0.811011904761905
"6669a01d55f07dff4a75de92","5",0,0.692857142857143
"6669a01d55f07dff4a75de92","5",1,0.817015873015873
"666a6c6b20176c9c4f120bc8","3",0,0.865625
"666a6c6b20176c9c4f120bc8","3",1,0.866435185185185
"666a6c6b20176c9c4f120bc8","5",0,0.91400462962963
"666a6c6b20176c9c4f120bc8","5",1,0.876041666666667
"666c4136d4d20711d6a787aa","3",0,0.781428571428571
"666c4136d4d20711d6a787aa","3",1,0.742412698412698
"666c4136d4d20711d6a787aa","5",0,0.760714285714286
"666c4136d4d20711d6a787aa","5",1,0.867083333333333
